domain,length,digit_ratio,special_chars,subdomains,has_long_random,has_idn,is_base64,is_hex_encoded,avg_subdomain_length,max_subdomain_length,domain_entropy,has_repeated_patterns,has_consecutive_chars,label
post.38be7784e9b4252a764526915e285a189a913de9c617dd025b0c71462.6ae59a156151f54caef84ba7fbf2b176fe5eb5b7890e737de56d82df.a46d7d061d79dc8e881c63dc889f9a955af8a9f3a20160bf81500f92.715fc7796.2028a4f2.bot.hackbiji.top,212,0.5754716981132075,0,8,1,0,1,0,25.125,57,4.306964051219082,0,0,1
post.3c7e91845f0e1f3efedf178949b84a91234d1e7e98879840b4510e732.dd6d86b289d9c2d23b31087537c6d28f971a64b84d42ed232c99f138.99aa82aff0ad98ad16b040ef68491d10643a10b0c82572916cb43be3.76fea7af9.5a6d07fe.bot.hackbiji.top,212,0.5754716981132075,0,8,1,0,1,0,25.125,57,4.310875647965617,0,0,1
api.01bfd437f.2028a4f2.bot.hackbiji.top,39,0.282051282051282,0,5,0,0,0,0,6.2,9,4.12170791154804,0,0,1
www.180.048485e18.5a6d07fe.bot.hackbiji.top,43,0.3488372093023256,0,6,0,0,0,0,5.666666666666667,9,4.239763591710147,0,0,1
post.399bb92fd698f446ba7cad6d162338aa7b1f204a0044e6654f4952344.dfbfa2fcd9585da9d50c5ea85c2f57452b14b19baee6a8138321b31a.06d06db0c3abfeacfded4227a3e1390561211b42d008b7260a719b90.37b83504a.337cecb6.bot.hackbiji.top,212,0.5471698113207547,0,8,1,0,1,0,25.125,57,4.313828872399699,0,0,1
post.124f40f84cbb567cd.b1f39681e.337cecb6.bot.hackbiji.top,58,0.3448275862068966,0,6,1,0,1,0,8.166666666666666,17,4.376715426192486,0,0,1
post.1e86a86335ce52ab66cd9fd70.a24f42253.5a6d07fe.bot.hackbiji.top,66,0.3939393939393939,0,6,1,0,1,0,9.5,25,4.456997816774995,0,0,1
post.393bf198aa7e82cc060cdfaa5ede077473f7f6038b28de0d8a49dee3f.8f8901a8a37cfe36a8645fcde83c2efa593f58fb7c5986e5da75188e.4b5012ae45ca272b2c0bb9f2095b1cabe340763988c21945c0cfa2c2.458a35de8.2028a4f2.bot.hackbiji.top,212,0.5235849056603774,0,8,1,0,1,0,25.125,57,4.292045299850502,0,0,1
post.35677e5b7504edea0e29a88b222c9705f0ca6a0a781e45f0cf3e02be3.e3280384b9d464859e367d729cec294b1726e3635588a0417b7f1156.f9758e6eda66a9ac95b67ede714323a9bb8c2cc81838a3abca586b8a.1508070ca.714e2cfa.bot.hackbiji.top,212,0.5660377358490566,0,8,1,0,1,0,25.125,57,4.296822823735711,0,0,1
post.1300.024f42253.5a6d07fe.bot.hackbiji.top,45,0.3555555555555555,0,6,0,0,0,0,6.0,9,4.296865596089289,0,0,1
post.35734be50826458789375c3c1417b93b927c235dc48fc4147af22c29e.6992fc2d149cc41b1b3b7bb0aed582c0a5a170714ececc62c8f00546.8309c8b1daef5c4a4e040539816d8d0775f91908c85b49ae4ca2a93f.3527f655e.714e2cfa.bot.hackbiji.top,212,0.5754716981132075,0,8,1,0,1,0,25.125,57,4.299350198642419,0,0,1
post.1300.0527f655e.714e2cfa.bot.hackbiji.top,45,0.3333333333333333,0,6,0,0,0,0,6.0,9,4.280090318263435,0,0,1
www.1a0417d2a94285503e5c33b344554de65c4583256cc33fc60.25c16772e.714e2cfa.bot.hackbiji.top,89,0.5280898876404494,0,6,1,0,0,0,13.333333333333334,49,4.350828864259302,0,0,1
post.309a00155d4e248090893f863fb738b152ee8821d046ded34819d6153.7a03fc5a8c9f65706b2cefe0112ad53029b40b601271c3a74862904a.04483c22566ecc2d5ed1cf776a305b4ab96c70ff578a0aee8167102a.92e5f2192.2028a4f2.bot.hackbiji.top,212,0.6084905660377359,0,8,1,0,1,0,25.125,57,4.316585600629081,0,0,1
post.1310.078283020.2028a4f2.bot.hackbiji.top,45,0.4222222222222222,0,6,0,0,0,0,6.0,9,4.047548241669875,0,0,1
post.120723465f298a51d.263a20787.2028a4f2.bot.hackbiji.top,58,0.4827586206896552,0,6,1,0,1,0,8.166666666666666,17,4.318598020728533,0,0,1
post.3a82309818229c0e9253ad6df237db3a3b39a8f024f0029b0938f5222.3c94367116bee8fd2126699b260c71530738d8d03991fc917e003166.28426b6fc7cf6a629d9cb521b13f1b36f4372b83d796e692e39bf590.51f39681e.337cecb6.bot.hackbiji.top,212,0.6226415094339622,0,8,1,0,1,0,25.125,57,4.233604070299395,0,0,1
post.3089d8152b468422f42c105962124d70c02db121c9075167d10424fa5.8cb2ad7b327d319752498ccba73a07f582d151cca85315771d950bfe.d771dff5afd1a84171960f6d4c7dfb5deb4ef39fadaf6c150222c4d4.263721aa7.337cecb6.bot.hackbiji.top,212,0.5707547169811321,0,8,1,0,1,0,25.125,57,4.277997660247289,0,0,1
api.0b0e3aa7.714e2cfa.bot.hackbiji.top,38,0.2105263157894736,0,5,0,0,0,0,6.0,8,4.018215514675148,0,0,1
post.3e8d6f2dcda88aadf86933446e32ebdbee5efc1a9e072f35dcd0839af.100fc437327e30ac03cad5d316ad834c9e4f5b46d35c12e7319483e0.5bb3cf0b817837602d07ac079035380288cb71fc0e3f51b82c65cc9c.928734aa2.714e2cfa.bot.hackbiji.top,212,0.5330188679245284,0,8,1,0,1,0,25.125,57,4.297429910865899,0,0,1
post.3e28a0d22106c0bd7fbe1e71c92118d2e394bbbddef806792940a175d.6890dfff8b17ef216d01856a60aaa1a47586561675f18f07ebd87581.23ed8c44da27929056ed38f30bc33cdce696e693470ea2fae7da1378.52e5f2192.2028a4f2.bot.hackbiji.top,212,0.5660377358490566,0,8,1,0,1,0,25.125,57,4.313998260456426,0,0,1
post.456c3fa41cb56c7cff8cd0d021d42d59dcd55b1ab.65b29026d4e7eced8bc8f9ee7ba196562a10937b5c960fa29435e9c1.c6f6926a2aac6f7a3af2abeb9aa00de0bf89093064debd876536e740.80f6605c395c36a5497de3bbd274235925b144f567f7b0fc6e9cbb07.2c092ca3.2028a4f2.bot.hackbiji.top,252,0.5357142857142857,0,9,1,0,0,0,26.666666666666668,56,4.271158917654543,0,0,1
post.3b85734488d1d1ab87b2052fe22fa587479e56ae660b7607cb80f957d.236bef2870aa25b3d6bdbb906f5a69b5ec91ea8c1e75458cdd4fe4ce.9bcc9ff8d4cefceb1a13570adef9850eba50123f6e3f35e520f1f29c.26fea7af9.5a6d07fe.bot.hackbiji.top,212,0.4952830188679245,0,8,1,0,1,0,25.125,57,4.307331700310837,0,0,1
post.3729da17d0b8e2c98048b6535456e8f586c4ca653c2f6dcefc74b1d16.7c8c8840a2a2ee2ab60f34bad6db85a17489acfd4d2fa1dd6c9584e3.e52688f597d1aca47005a637ccaf24097ed331df2403eae231c2c394.758a35de8.2028a4f2.bot.hackbiji.top,212,0.5377358490566038,0,8,1,0,1,0,25.125,57,4.3082416477246,0,0,1
api.039243f3d.2028a4f2.bot.hackbiji.top,39,0.3333333333333333,0,5,0,0,0,0,6.2,9,4.057855988582063,0,0,1
post.380e71bcedff47f456f0a86f3271ece7b9369e93ed59a9534b124d5c0.4a007040041f494bb40aa88a687091f142756bec7fbdee7055193062.20056bfa2189c46399d347ad98cfc2f622938c4443f745f63f0e09e9.37b303616.714e2cfa.bot.hackbiji.top,212,0.5943396226415094,0,8,1,0,1,0,25.125,57,4.304902680603006,0,0,1
post.1300.019677913.2028a4f2.bot.hackbiji.top,45,0.4222222222222222,0,6,0,0,0,0,6.0,9,4.23564587381899,0,0,1
api.04fbf1509.714e2cfa.bot.hackbiji.top,39,0.2564102564102564,0,5,0,0,0,0,6.2,9,4.141064001347103,0,0,1
api.139c27eb9.337cecb6.bot.hackbiji.top,39,0.2564102564102564,0,5,0,0,0,0,6.2,9,3.974647975817024,0,0,1
post.1300.028734aa2.714e2cfa.bot.hackbiji.top,45,0.3333333333333333,0,6,0,0,0,0,6.0,9,4.191201429374546,0,0,1
www.15e225818535a027a9968db02d79a24152682628e8381762c.24e565f0.2028a4f2.bot.hackbiji.top,88,0.5909090909090909,0,6,1,0,0,0,13.166666666666666,49,4.311527280496176,0,0,1
www.429eb69a2448233240a49ea97bea605aae784cf29.69eda1be53ff1bf3a8cbf6badd612a660e9e4b0a005d97f1ba1301d4.e9e13c57682e4370ef9376f319597f106027f7fb30b43ba315398369.669a896fcd2ace4a1c5bcce6d041b0d0cad6c296ee4ac3448ca83381.1673b1c4b.714e2cfa.bot.hackbiji.top,252,0.5476190476190477,0,9,1,0,0,0,26.666666666666668,56,4.261338153977701,0,0,1
post.4ad34083e6368e2e4c605cf9d99d0f3808fb223fd.d8b6338f2c897838eeb8cd563ea4e4f5f7a9ded45e2f7694680b5eb6.906785598500ed9e94598071dcba13a6a234f7466d6c5b4a369d3e0c.ae4c61eea3e59d1a71b3514ccdc68d6f25f0e69229ac48899259b819.646544a0.2028a4f2.bot.hackbiji.top,252,0.5793650793650794,0,9,1,0,0,0,26.666666666666668,56,4.271634411916594,0,0,1
post.3562a991a4c3b937ad3ad628bd309937de7c35d35d63f2693ee67342e.30a65326d1ab836821fdc15ff7982d4af00142ba46a37fcd1ccce09f.d9185f7917fcef253f740997c6fdd4def0ab97bce4b480a8ed3bfaea.319677913.2028a4f2.bot.hackbiji.top,212,0.5377358490566038,0,8,1,0,1,0,25.125,57,4.308465130442193,0,0,1
api.028286b90.2028a4f2.bot.hackbiji.top,39,0.358974358974359,0,5,0,0,0,0,6.2,9,3.926588925024018,0,0,1
post.30d5fd8a5a0b0d2a5aebe7f4ee14434c38e698a21d7d19da406be8b61.3ca12f6264888a6c7e4c4e2ab7e8f2f4ffe5b94e35fa36a72729cad3.d15d2b18c738e41ec01eec9be9b4932a9d3b58ce284dcb82c8087115.97b83504a.337cecb6.bot.hackbiji.top,212,0.5141509433962265,0,8,1,0,1,0,25.125,57,4.3055465956013865,0,0,1
api.030c54089.337cecb6.bot.hackbiji.top,39,0.3076923076923077,0,5,0,0,0,0,6.2,9,4.089781950065051,0,0,1
api.13f566608.337cecb6.bot.hackbiji.top,39,0.3076923076923077,0,5,0,0,0,0,6.2,9,4.089781950065051,0,0,1
www.18816594773c7829a2685a0c3454a2ffea3d90694261c8a09.2f9e3da5.5a6d07fe.bot.hackbiji.top,88,0.5113636363636364,0,6,1,0,0,0,13.166666666666666,49,4.454003642329854,0,0,1
post.33450a250b847ac483e28c09b5feea0dece22f03032ccaaf3d7b1e6be.3efb13522846b2466731ef15924b2e00d0c7f472fd2ce4d730401275.d5e0e642f1bbf5a29b87c178b2d6603185ab7e983b6b87f6a8109f5b.47ba12ef3.5a6d07fe.bot.hackbiji.top,212,0.5424528301886793,0,8,1,0,1,0,25.125,57,4.29898718559035,0,0,1
post.321a04a6090f56cb2393f04ffa7ab2ad7b7df6829d7bf0c9e15e1b3d7.f3105f12fa9d79cbd68874060295753f4e738e6ca75be59de013902d.ab610671547cab585ae6041eddbbe26456953c3596a8f036672542d3.815fc7796.2028a4f2.bot.hackbiji.top,212,0.5801886792452831,0,8,1,0,1,0,25.125,57,4.325012601468828,0,0,1
post.36273ac76703d289eedf4b7b45ca5969de2aa3e385c15c2abf4a8ce02.0e0b807022a635881ecf03a344d1575ce0a576bcef8d767470b4822e.a4274fbf5e3ea171de00144b644e983e8eb16415984f7d52285aa08f.1527f655e.714e2cfa.bot.hackbiji.top,212,0.5613207547169812,0,8,1,0,1,0,25.125,57,4.296184328958048,0,0,1
www.429eb69a2448233240a49ea97bea605aae784cf29.69eda1be53ff1bf3a8cbf6badd612a660e9e4b0a005d97f1ba1301d4.e9e13c57682e4370ef9376f319597f106027f7fb30b43ba315398369.669a896fcd2ace4a1c5bcce6d041b0d0cad6c296ee4ac3448ca83381.1af54237.714e2cfa.bot.hackbiji.top,251,0.549800796812749,0,9,1,0,0,0,26.55555555555556,56,4.267777004984834,0,0,1
post.3bbee3f0926d66e951c98855e5d511532f962d882f89026e733ef62db.27326acddec3ac36306fc2bba790e07c62d1dbc6d65f0a79bb3d5449.722fe6217d8eafc093edb65fdd4ae1b3cd48b228e11fa5d192913c28.515fc7796.2028a4f2.bot.hackbiji.top,212,0.5424528301886793,0,8,1,0,1,0,25.125,57,4.299201755824509,0,0,1
api.173a64146.337cecb6.bot.hackbiji.top,39,0.3076923076923077,0,5,0,0,0,0,6.2,9,3.9485056679028223,0,0,1
post.30b995d6a503b6d5a0690eafefc4df0926ff960a096b7022fe4a3988c.627de58c8c9cb88c58861a6b5b3cd8d3c96c9421fa8437cad8e01ec8.fbfd8b978d5729a6696843a720ce3eabfe40e3277ef04c57ef55f16f.761c065f2.337cecb6.bot.hackbiji.top,212,0.5283018867924528,0,8,1,0,1,0,25.125,57,4.300903959894628,0,0,1
post.3ff07bf5309b5a50d212a93f225b7cb959acc69027d17970c68cd0d44.0099bba4cafedef7cc7c6837f73285d9f33d20fd9ee1a9ff0c343f91.17b3ff453f196083df074fb40423799bdf3a23749b1a7f62377792f8.2367072eb.5a6d07fe.bot.hackbiji.top,212,0.5566037735849056,0,8,1,0,1,0,25.125,57,4.245590185939703,0,0,1
api.153f66280.337cecb6.bot.hackbiji.top,39,0.3076923076923077,0,5,0,0,0,0,6.2,9,4.172989962830091,0,0,1
post.38405c3b0c059ab1ecd297b04fc1c867c55774709a0dd16dbe08db222.192a47b2508d0bb56a750a8c1e85a6b14b6d99265ae18fad20e03230.96ab5019f3dc831a85b22fea8b1608fffb448d6395174a42ebc12580.97d08067f.2028a4f2.bot.hackbiji.top,212,0.5754716981132075,0,8,1,0,1,0,25.125,57,4.299989762489619,0,0,1
post.1490a7dac7f870dc1.22f083856.5a6d07fe.bot.hackbiji.top,58,0.3793103448275862,0,6,1,0,1,0,8.166666666666666,17,4.443513753449851,0,0,1
api.17d157cf1.5a6d07fe.bot.hackbiji.top,39,0.2564102564102564,0,5,0,0,0,0,6.2,9,4.089781950065052,0,0,1
post.3d224aff1a431f7fe4b7e37611aa3fd4b57cb36b7aa6580eaadbe2651.29030159b4b5bae8fd1d62491a874f567656434b7fccc715bcdd4c20.f6b83f985118a05e110eb97a5a2bc22f5e0fd8fac97d871bc2ba63d0.84589061d.2028a4f2.bot.hackbiji.top,212,0.5330188679245284,0,8,1,0,1,0,25.125,57,4.315557308719279,0,0,1
www.180.067a713bd.5a6d07fe.bot.hackbiji.top,43,0.3023255813953488,0,6,0,0,0,0,5.666666666666667,9,4.233608649698742,0,0,1
www.1a0417d2a94285503e5c33b344554de65c4583256cc33fc60.2673b1c4b.714e2cfa.bot.hackbiji.top,89,0.5168539325842697,0,6,1,0,0,0,13.333333333333334,49,4.343726622406236,0,0,1
post.137ee39bb2a4ab0402db44aec.a473b6d7e.337cecb6.bot.hackbiji.top,66,0.3333333333333333,0,6,1,0,1,0,9.5,25,4.173816666231165,0,0,1
api.079cb3b56.714e2cfa.bot.hackbiji.top,39,0.2564102564102564,0,5,0,0,0,0,6.2,9,4.211702142428217,0,0,1
post.3c7584e32ff79ea68ac9cc3945b74a5aeae72bc5d9f70633e2759b5b3.2cf0de43e1ab02ffdaaecd533376b17bc67353f79782958799dbb1f5.475aeb5bc824674f1d36bbf9310bd9a956d84a75062e3d3889d98211.57b83504a.337cecb6.bot.hackbiji.top,212,0.5471698113207547,0,8,1,0,1,0,25.125,57,4.286151697536922,0,0,1
post.3b09d5bd0ccad7759cb92d44a2741bc7e6278aa48dde885501e7320e9.94ee6442fb59c2c4dc4bbe3fb6ef71a1afb1254ffde928c269a2d9e5.831b708a3f821d4d6abdc17e2676f53b2f597249b9fbe7daeb184c54.66e1a33aa.714e2cfa.bot.hackbiji.top,212,0.5047169811320755,0,8,1,0,1,0,25.125,57,4.30501630932564,0,0,1
api.03c501ac8.337cecb6.bot.hackbiji.top,39,0.2564102564102564,0,5,0,0,0,0,6.2,9,3.997227066105133,0,0,1
post.32366c10cd39ebf68de30b92c13d8ac000c4e5ed382df25a7a8e7543f.3b2e1c6f477500d1ad17cc61b8ffe2df22896c0c33426eb93e5a003f.d77adb6cecb5dd3344a0ad7cd7630d75c435e404a0e2d27dfe259e33.16df02b6c.337cecb6.bot.hackbiji.top,212,0.5094339622641509,0,8,1,0,1,0,25.125,57,4.266887290236402,0,0,1
post.3b58486924044c78330035d75b4c2d7d7e510f10163e039cdb57e64cf.db21192b14a594b7dd52ddff54167f6da8c7dbb952449f5202f28979.8f61b18f0a3a13f61354651128d6474abc5ff4f4733dd84ce6bbca02.36e1a33aa.714e2cfa.bot.hackbiji.top,212,0.5707547169811321,0,8,1,0,1,0,25.125,57,4.310827635969017,0,0,1
www.180.05e6d3d63.2028a4f2.bot.hackbiji.top,43,0.3488372093023256,0,6,0,0,0,0,5.666666666666667,9,4.315231324217973,0,0,1
post.11b75f980d3181c61.b7d08067f.2028a4f2.bot.hackbiji.top,58,0.4310344827586206,0,6,1,0,1,0,8.166666666666666,17,4.359811115996863,0,0,1
post.39d6ab34963c4efc90fc9c51e14647dd73e27c17dc28d73de5fcf3401.68815b3b2abf5921a0dd139002627871eec316645b3771b319ae5b40.05499a8fb0fbbdb7265757976f47f6f351f33139518d92629b7e3f2b.5473b6d7e.337cecb6.bot.hackbiji.top,212,0.5801886792452831,0,8,1,0,1,0,25.125,57,4.288749199138433,0,0,1
www.15e225818535a027a9968db02d79a24152682628e8381762c.233f46073.2028a4f2.bot.hackbiji.top,89,0.6067415730337079,0,6,1,0,0,0,13.333333333333334,49,4.328839012465698,0,0,1
post.1300.07ba12ef3.5a6d07fe.bot.hackbiji.top,45,0.2888888888888888,0,6,0,0,0,0,6.0,9,4.23564587381899,0,0,1
post.32d3dbce1947af7f0fa685971a04a12e7f0346aa10294c5bef1e66b65.0a03516d4a23fd962eeaf7a88e2d5ed94a8ba6d2ed48a48c5384ccdf.b81633bc868eb08f8a6c4e9d0606b372ddcccd97c59cc69053a84d2f.344664f29.337cecb6.bot.hackbiji.top,212,0.5188679245283019,0,8,1,0,1,0,25.125,57,4.311645045532244,0,0,1
post.1300.07b83504a.337cecb6.bot.hackbiji.top,45,0.3333333333333333,0,6,0,0,0,0,6.0,9,4.119087818311512,0,0,1
post.34f20523ca8d2e514b36d2ab4bfefb6a43da6cfffc068652c85d8edac.3dc3971279db30c0dbe13928bb0e1c450542b7317bf91cc1547d30dc.7df14c13d27410138aa926016e59c425b26c57be5e8e09a086ef953d.3615e06b0.337cecb6.bot.hackbiji.top,212,0.5377358490566038,0,8,1,0,1,0,25.125,57,4.316196800493873,0,0,1
post.3357306168fe8110c7192d42683c15f586cf8a7621aaa7e8a5829d407.44ef27bc76808192e3b77c9e74d3b161aa2daefd9104accb8ba35636.9a3062d50953bbee5c9b618d90e37fd20eda2c5f80b93184f1d3628d.57ba12ef3.5a6d07fe.bot.hackbiji.top,212,0.5613207547169812,0,8,1,0,1,0,25.125,57,4.332974717382998,0,0,1
post.32740df1e014e457d3dea7637fedf13625a4e771ca30aef6e7f5ae99c.f47b774ede8600d75017f810b63f64df6f848e1be6f8b6e5ae1516e5.8f8ee93036667f89037bcb1642aef62237e9301415cc4bd75681268a.661c065f2.337cecb6.bot.hackbiji.top,212,0.5613207547169812,0,8,1,0,1,0,25.125,57,4.266736357054258,0,0,1
www.180.04e565f0.2028a4f2.bot.hackbiji.top,42,0.3571428571428571,0,6,0,0,1,0,5.5,8,4.177566232096525,0,0,1
post.177fc36d89657f553.237a7030a.2028a4f2.bot.hackbiji.top,58,0.4482758620689655,0,6,1,0,1,0,8.166666666666666,17,4.359811115996863,0,0,1
post.303331f681c3e6b1f786c11144356c02a6664bda76a84ea8d44ca368a.48372d544d2266e6180ea3fa134e22b616ebed505b232d6c1faf34fe.a1204ce1bec4391fddb3004a28e376f2aa5352464b8420b3604941b9.61f39681e.337cecb6.bot.hackbiji.top,212,0.5801886792452831,0,8,1,0,1,0,25.125,57,4.232003610909247,0,0,1
post.4cf9f5481b538af37dc042a98f1e124604792d298.cd46a396f8f69f12eb6886b6179f601d758ee5e9c3de925cb4a2c5ec.06048487edec7c77e9baecd2815e720c7b0286fba4a91e47f718b803.c0c7fca16917f2c720c33e61b6eb45f48d1248104b5d78d500b3ebae.315d09d0.5a6d07fe.bot.hackbiji.top,252,0.5595238095238095,0,9,1,0,0,0,26.666666666666668,56,4.3030968227015824,0,0,1
post.329c9e4a22ef29dc242da4d23c02b13f3b65ffda384044e4caee305cd.b9d4fd76f3050214221126024f507aeb2f23b010d023b51efb5cd012.0f2e25e6da4e75ab2eb43a509e5ff84fcd150f95d344291b781b5eb9.7527f655e.714e2cfa.bot.hackbiji.top,212,0.5377358490566038,0,8,1,0,1,0,25.125,57,4.238992809483428,0,0,1
api.15a8f737b.5a6d07fe.bot.hackbiji.top,39,0.2564102564102564,0,5,0,0,0,0,6.2,9,4.1604200911461655,0,0,1
post.3d5bf294b955992b92c79d26d88efd63eb881d904350f5fcc9fba8093.c090f7c324da67968d2862b6645811f22419337f3790033c139d445a.719f9cb37fe2b5adda4e47f3692382d731ee5ef5774d4125863a4d7a.91ac954da.337cecb6.bot.hackbiji.top,212,0.5849056603773585,0,8,1,0,1,0,25.125,57,4.308654352471883,0,0,1
post.3a3990a27221845400855b48d996d0b04fb070b893d11a4f75619a525.ab9a291c489c363b750744b1b6e17bd43f9f33880c1c9ebfc7a0527f.f25a6e33af43bdc1bcf6d7af8efc2baa61e77bf14f6d9aa453aaa7a0.46fea7af9.5a6d07fe.bot.hackbiji.top,212,0.5283018867924528,0,8,1,0,1,0,25.125,57,4.290758387400896,0,0,1
post.1300.01f90067f.714e2cfa.bot.hackbiji.top,45,0.3333333333333333,0,6,0,0,0,0,6.0,9,4.199876085498173,0,0,1
post.1753a2c5e0fef622b.2e9574e7.2028a4f2.bot.hackbiji.top,57,0.3859649122807017,0,6,1,0,0,0,8.0,17,4.316302786552908,0,0,1
www.1a0417d2a94285503e5c33b344554de65c4583256cc33fc60.26da47412.714e2cfa.bot.hackbiji.top,89,0.5280898876404494,0,6,1,0,0,0,13.333333333333334,49,4.352241190316299,0,0,1
www.401f545ea264638b9abd2d2a44840ba459b90d0ff.9c00045fff8a7981a2e49ea7ee6ce365959cae078ebfde928777fb49.84b6c43c6443bcf4a0243b3f9ef5255fc405f37bc834b17849aedefa.32fded893fc3352395c0564aef36a594eb2d0dc856ca6f843c864dee.15e6d3d63.2028a4f2.bot.hackbiji.top,252,0.5436507936507936,0,9,1,0,0,0,26.666666666666668,56,4.245421120754674,0,0,1
www.180.033f46073.2028a4f2.bot.hackbiji.top,43,0.3953488372093023,0,6,0,0,0,0,5.666666666666667,9,4.175696440497043,0,0,1
post.339173bfe86068ce7b4b1769b41c19416b1a5a567ec104ee69eb82cd8.89109532945b19f59a3dfa49e582b68a66548d7ae8e7873369039d15.71c90e65c9b94d45f2a5c586b22204127c930b8cc12ca0cacfe28ca2.361c065f2.337cecb6.bot.hackbiji.top,212,0.5849056603773585,0,8,1,0,1,0,25.125,57,4.297784347609608,0,0,1
api.14fbf1509.714e2cfa.bot.hackbiji.top,39,0.2564102564102564,0,5,0,0,0,0,6.2,9,4.12170791154804,0,0,1
post.4a79db158d1696621fbce527a5caa4a2fdd301dab.4ca61e2065d6b4aaa2a5f150a37ebe4e04be59457903d72653fc7387.736c469f66fd96c949d5d302f82d6863499ed4df72663f39a7cc9ab7.ac9440810b4d94889ae275903cdb7b36ff96908a3f307730cef09a60.4ff04204.337cecb6.bot.hackbiji.top,252,0.5674603174603174,0,9,1,0,0,0,26.666666666666668,56,4.27077956683594,0,0,1
post.3a04c50a30de7ff3f3bb1e0d9ad04db9faf73b46a8de2dfa66e545897.87eeff9f586993982056be590ac1f3fb22821640f76ca39464792f6d.6254ff00cb8584b1bbc59fcf965d9117cb11a25dadc15ca04cf77574.27ba12ef3.5a6d07fe.bot.hackbiji.top,212,0.5235849056603774,0,8,1,0,1,0,25.125,57,4.3190522218791,0,0,1
post.3deaa3e672b61a5d4c78428069614174b96f8b1a6f9e07cb9393cedd0.e60ac3daf0c419b2c3a0d36b4f0bdeb3151e58cdafe08e9cc3e07fdf.e96097d295a3ccc858dd0997ad51f77ea1d35eb532b84817843eda1a.863721aa7.337cecb6.bot.hackbiji.top,212,0.5094339622641509,0,8,1,0,1,0,25.125,57,4.30697044081299,0,0,1
post.3c3ad3a5a31709a2643998ec92260ac61c863429c317710c05e152c73.ff45115be638080d408a385b516b241a3edea3c2b442b404a7f06648.f19f31a738c570af19fde6358bb4dbde4afe6a163df7953a64e77a3e.86ef20ee1.337cecb6.bot.hackbiji.top,212,0.5660377358490566,0,8,1,0,1,0,25.125,57,4.308192125780098,0,0,1
api.064193b51.5a6d07fe.bot.hackbiji.top,39,0.3076923076923077,0,5,0,0,0,0,6.2,9,4.262984193710269,0,0,1
post.2968c48452ced54690da4f4e0d39e9fee2741f6e37e9d4ef2a3f434dd.0549dbaeeae9c2acd310cb8fc277c1713dff7d04e89099b97b24bfe4.163a20787.2028a4f2.bot.hackbiji.top,155,0.5032258064516129,0,7,1,0,1,0,20.714285714285715,57,4.328881830346154,0,0,1
post.3d8a0a01201acb611eddf83eb45fe3b440a664944dc5cc79fdcc96e3e.66bb9b48dc38d5919deed8d5a4879eda57d7e2263a2ea9acec13c087.31156ad3f92d1464966245c58279cbd58025cd1fbd004855083e193d.228734aa2.714e2cfa.bot.hackbiji.top,212,0.5377358490566038,0,8,1,0,1,0,25.125,57,4.316067308615188,0,0,1
post.3d2ba99c04107bfdcac0278c41b23d9c7b9dd40530fa965373fcd6618.10cf3af0c136443af76fc60c30247d3d5bff657b74d4d106dbf37bf5.b4ff468abea3e012f7cbff6cc383e1603d1b9f05fbf1658fc67f4e7f.924f42253.5a6d07fe.bot.hackbiji.top,212,0.5141509433962265,0,8,1,0,1,0,25.125,57,4.252319623935284,0,0,1
post.1213e71b603e54f096a8dc89d.a28734aa2.714e2cfa.bot.hackbiji.top,66,0.4090909090909091,0,6,1,0,1,0,9.5,25,4.47146173256868,0,0,1
post.388fe9cc5e31055e8acd29c3098a57264469e5abe0a54633b13d3635e.af566beb024308b05e93802abff2628ce3b476e44f84c129f56f9b23.ea2d9dee99c1ca596ba055831ab29dfef6634747ae7e7bb1bbc82635.446955c21.337cecb6.bot.hackbiji.top,212,0.5518867924528302,0,8,1,0,1,0,25.125,57,4.282141978690794,0,0,1
post.2dcaff59b8a0ac6df2126bde6cc4298f78c9c1bea.2f4f19c7c52d1280314e0a70440dcb2cd739aa2a.815d09d0.5a6d07fe.bot.hackbiji.top,122,0.4426229508196721,0,7,1,0,0,0,16.0,41,4.369240049618048,0,0,1
api.13c501ac8.337cecb6.bot.hackbiji.top,39,0.2564102564102564,0,5,0,0,0,0,6.2,9,3.997227066105133,0,0,1
post.36cb09ee9917da840f2e949ef4c2cff2618a3a0ea31de232d5429120d.3282c61762a60549b0626cfc3ee7169ed1aaabdaee64f8cf8d157acd.c3257e2c011c1ab3e5136aa54bf0b570ff3fe37bbcd07f94402eaaf6.663721aa7.337cecb6.bot.hackbiji.top,212,0.5094339622641509,0,8,1,0,1,0,25.125,57,4.295831507531885,0,0,1
post.174a5e742dd876a4b7de880c2.a527f655e.714e2cfa.bot.hackbiji.top,66,0.3939393939393939,0,6,1,0,1,0,9.5,25,4.329871157296765,0,0,1
api.176fe4e7b.714e2cfa.bot.hackbiji.top,39,0.2307692307692307,0,5,0,0,0,0,6.2,9,4.019143808983937,0,0,1
post.30752b2dc56bdae72e6baf33efe505b696868c167d3a44aa581883bab.9c3e74d2fddb1c4c87ccce09b09f1aa907d440f5c64969ab1fed020f.a32a179d0ce2eaf31217dc819c17000df4c69aa07cb4375aafa5f4b7.a5a1b6136.714e2cfa.bot.hackbiji.top,212,0.5,0,8,1,0,1,0,25.125,57,4.308499088762914,0,0,1
post.3d4a503a6cf656c27b848d6505abf5e24875152639d41b7891b781e11.464d4ffdfe30625996f3d4e712cc4788497b739c3519ed591b7ff3d3.e8eca0e477efb2c4a09502f6890dfd4c33309f5f88fe705b6b9d2817.363721aa7.337cecb6.bot.hackbiji.top,212,0.5801886792452831,0,8,1,0,1,0,25.125,57,4.32992037029235,0,0,1
post.140.030fa4695.5a6d07fe.bot.hackbiji.top,44,0.3181818181818182,0,6,0,0,0,0,5.833333333333333,9,4.282739857027812,0,0,1
post.3165d7a78f6e137249d5dac3bce29185b366637a45eaeed05f923903e.b6252909b6c37483b102fdef8344c68088646bd9de7a68a9ecccd141.098681c7ebaadeb9fac802887bf2b87b3f808c80cd569fd3599cffe1.415fc7796.2028a4f2.bot.hackbiji.top,212,0.5518867924528302,0,8,1,0,1,0,25.125,57,4.328562221891685,0,0,1
post.31fcc3b1831cb0edea78478a211528fba0c4c4a0e61f9cf1629563d40.0fa029ad44f6066748bb32b791bd751b6381f6c33cdc4938269e6d5a.4e186642c9cd4d15de6caead29c80b6f7503b2047f7f776e8a575d50.54de6377c.2028a4f2.bot.hackbiji.top,212,0.5613207547169812,0,8,1,0,1,0,25.125,57,4.333821546016482,0,0,1
post.45b7f927d53ad5a9395c78511adc70485675affaa.6d3e3d43f44cbae16c3de613f7a58d12f017483a9c1cf90c74a4a6b3.e24a319aa28eb9e09db5a2cbc17abf41814aa5420b7f34242b6de6c8.feead048a005eb4fcecf727edd40fc897bfe8e13e22d1d70610c1542.146544a0.2028a4f2.bot.hackbiji.top,252,0.5317460317460317,0,9,1,0,0,0,26.666666666666668,56,4.280228371841615,0,0,1
post.375326a7bf889084bb542ca5d68f002d49e92c991ade1d400a7eff85a.5f2b16f337dad0e8b4c1dbf290c9bde6fedf896a805dbfdc3b5b5a9a.448c60196a6b1f95e7962db0f19bf0c4c8bfdc481cac1b400b943aa3.41ac954da.337cecb6.bot.hackbiji.top,212,0.490566037735849,0,8,1,0,1,0,25.125,57,4.295624882673415,0,0,1
post.1350.01f39681e.337cecb6.bot.hackbiji.top,45,0.3333333333333333,0,6,0,0,0,0,6.0,9,4.218870595993136,0,0,1
www.444e13b447a276391fe3f62dd8fa9bd7fe03b1b61.45167b93385255bcdf7a2b8669b080afbfed728a23db274438e63039.5675f27a3b05a1a990111dd499d6e15e6ce8bff3a05ab269657088b4.26244010dbc5d2775730108bb9a0033d03696a338774f070c0812de5.13ee02bef.5a6d07fe.bot.hackbiji.top,252,0.5992063492063492,0,9,1,0,0,0,26.666666666666668,56,4.267599124251495,0,0,1
post.3307b33282e24d58e8ca3eddfd9b05a81aa13300a733dbff4d601e8ed.46027189fd95c5197ee5e0b286af2336d982f2127f50527e33da9eae.14171a8c7e68fe270d1e646620ca2eb9eadc67ad0718b942f47d25f0.76df02b6c.337cecb6.bot.hackbiji.top,212,0.5424528301886793,0,8,1,0,1,0,25.125,57,4.311417404590296,0,0,1
post.360fee9995e37298ef3d19ec805dc10ed6c30cea6446c4149e2746be3.0652a58e5c5190995463c3f273ca8a1ebef11addac2aef80744a5778.ca17ea813a311eb5c9a2d0f0ceb5f8bb3d1280f007f8b2fd396588a0.215fc7796.2028a4f2.bot.hackbiji.top,212,0.5471698113207547,0,8,1,0,1,0,25.125,57,4.327752952398947,0,0,1
post.3cb7063e71dff96fb398762f6014f1a1f862a12f0160c8d9e0afd160c.7b25877251c5c3d8184a45b2c796938f72984b98db6974275ae28c5e.249e30a54f575039892766f0e519f75bb873af34d9b5a6d215cc7949.23f6514be.337cecb6.bot.hackbiji.top,212,0.5990566037735849,0,8,1,0,1,0,25.125,57,4.321122865882084,0,0,1
post.33656ca94ac1ee61381e2ad80143774bdca7e2feb8afbbc3c65381514.843bebba9316c0d26bc9c2ada0d8d5994ad5af2552a95622a9975722.b0c8503e40135484f130a855c173ecde8e5f69f21dff9c690397bff3.763721aa7.337cecb6.bot.hackbiji.top,212,0.5471698113207547,0,8,1,0,1,0,25.125,57,4.323553507162008,0,0,1
api.029fb272a.337cecb6.bot.hackbiji.top,39,0.2564102564102564,0,5,0,0,0,0,6.2,9,4.038499898783,0,0,1
post.37ff29bbde9373fa3fc6b3893445619b114aa043ae0fc87fe43db10df.095731dca1ee8f4e4cc54c768121447048b5aa0759a132609447b9fb.f516117cc7cad952e04b05c1048728ccc7a5b8f2be958311251f3211.67ba12ef3.5a6d07fe.bot.hackbiji.top,212,0.5613207547169812,0,8,1,0,1,0,25.125,57,4.303491991370368,0,0,1
post.1288f526cc3a4500b6cfbe256.a44664f29.337cecb6.bot.hackbiji.top,66,0.4090909090909091,0,6,1,0,1,0,9.5,25,4.3372988087463575,0,0,1
api.1414d3b64.714e2cfa.bot.hackbiji.top,39,0.282051282051282,0,5,0,0,0,0,6.2,9,4.089781950065051,0,0,1
post.34aeb74de3e386bed01800ff00a9e50525d3a61292b792be42f128dee.64427b77f89103f03e6e3473b59698383b723cc3ea7f9ae8c9860001.059d631abd8b9106d34df44143d384df9d73376e4ae7d735cb4d98e5.34589061d.2028a4f2.bot.hackbiji.top,212,0.5943396226415094,0,8,1,0,1,0,25.125,57,4.294983852820259,0,0,1
post.329e353bde87982acbaba7dbd7fa9cdff0f20f3d9702ac1d3d2c0316c.046c1ab7007867eb99ce18b8f10802f78f2941c903bb5a2c1f6ec1a0.7580bc632eb31631680fbd1f3255630990d173f7a2107206eb55671e.961c065f2.337cecb6.bot.hackbiji.top,212,0.5566037735849056,0,8,1,0,1,0,25.125,57,4.271035437856559,0,0,1
post.38e935f32d0bd83b263ca49e54d19e82d063f3e4d5d5e9808271a7c6c.b12b8c86211b6c39fe13434b46e2ea27598a209075a1dd2040c7dae4.537604b25ff07fc3e0285ec06aba3792df0b2978db34c9d9de504883.31f90067f.714e2cfa.bot.hackbiji.top,212,0.5707547169811321,0,8,1,0,1,0,25.125,57,4.332495388235513,0,0,1
api.0699e62d9.337cecb6.bot.hackbiji.top,39,0.282051282051282,0,5,0,0,0,0,6.2,9,4.070425860265988,0,0,1
post.303a438111d3e6abd94647c71a8a2daa8830337112f4797a6a27abda0.c5b3434aafa58db40e7493545e810b8619b3b5b3ff74216d4d899237.832f68ba1c325efefa44ef96a6511bf4fc31475ae752120b1ff4ce63.45a1b6136.714e2cfa.bot.hackbiji.top,212,0.5660377358490566,0,8,1,0,1,0,25.125,57,4.264440896707527,0,0,1
post.3e9c2847f154993b44dcda397c6eacd8f8565428f218dfa9a4d6af1df.2db82ec0a3611b0b70200201e9d7437dabbf186dd1f8205728d72f71.27221f6a7d6211f53d61346aaff8ba4cc234ca9fc5932af2a4f983a2.267c10580.5a6d07fe.bot.hackbiji.top,212,0.5471698113207547,0,8,1,0,1,0,25.125,57,4.292035275149591,0,0,1
post.328027a47e7dd7199d7011127d51eb0b5617146294f6a1906a3f85b2f.923b28ad712e0a76c771d3b38976c3fbc8910d535332b37b7f9e7515.2620b166ee6f41661d1be15db69087770977a9a002c68ec59baaaaee.915fc7796.2028a4f2.bot.hackbiji.top,212,0.6084905660377359,0,8,1,0,1,0,25.125,57,4.270080192963636,0,1,1
www.401f545ea264638b9abd2d2a44840ba459b90d0ff.9c00045fff8a7981a2e49ea7ee6ce365959cae078ebfde928777fb49.84b6c43c6443bcf4a0243b3f9ef5255fc405f37bc834b17849aedefa.32fded893fc3352395c0564aef36a594eb2d0dc856ca6f843c864dee.133f46073.2028a4f2.bot.hackbiji.top,252,0.5515873015873016,0,9,1,0,0,0,26.666666666666668,56,4.240545148522532,0,0,1
www.444e13b447a276391fe3f62dd8fa9bd7fe03b1b61.45167b93385255bcdf7a2b8669b080afbfed728a23db274438e63039.5675f27a3b05a1a990111dd499d6e15e6ce8bff3a05ab269657088b4.26244010dbc5d2775730108bb9a0033d03696a338774f070c0812de5.15e4d4e1f.5a6d07fe.bot.hackbiji.top,252,0.6031746031746031,0,9,1,0,0,0,26.666666666666668,56,4.271537446632447,0,0,1
post.30a7b32e020b482528b40c59712f12a88fb74f2f7c676d33bdba3e131.84b8f5611a148ab85c3e4c8af921b3c2df539489d3da4e684ae58a2e.86c93a6ba376eaa9c55858a98812c61d1348aa9b36d3dad83790c976.867c10580.5a6d07fe.bot.hackbiji.top,212,0.5707547169811321,0,8,1,0,1,0,25.125,57,4.295645703611424,0,0,1
post.31b4e46e81cc1e9c61ea6ad438281965e6a9672f84fefc08b7c9a567a.b1fb52c7d98a2d63f0d6c8a369d5700960c56b187a4e9d71807eeda3.62cdf687f4ad5162141b9d52b3b36310a1ed651b671102fd9cfea1be.524f42253.5a6d07fe.bot.hackbiji.top,212,0.5471698113207547,0,8,1,0,1,0,25.125,57,4.319729446959989,0,0,1
post.19d25258bbfc16f25e669263b.a367072eb.5a6d07fe.bot.hackbiji.top,66,0.4090909090909091,0,6,1,0,1,0,9.5,25,4.367601839049387,0,0,1
api.01e6b5c94.337cecb6.bot.hackbiji.top,39,0.2564102564102564,0,5,0,0,0,0,6.2,9,4.09656816818019,0,0,1
post.4baa8a3808c015dd156e1b5138f3fc4107237cdf5.1bbec35abfb3a880faaabd8343c5830f9a3cb9a95fae264108445ab0.3a4fed5ccf7b13367ec629d0d8ce41066acdc14daa05db13cf9bdb6e.6707980d86ae13b963337847b623359b97a21104dc0ff91407a7158f.24d317de.5a6d07fe.bot.hackbiji.top,252,0.5357142857142857,0,9,1,0,0,0,26.666666666666668,56,4.272691499804661,0,0,1
post.3dc9d41a3dbe1c8adcc53d03491eec265bd64370ae0f9129035fe3ddc.da1936bdbd09163dacbed6e0ad74fdbc2d7fb3f7a239eecbd8edb5a8.25267dc3c69a92d694ae78d73a0288413d3b0506b1cfc417d7c7b0e9.161c065f2.337cecb6.bot.hackbiji.top,212,0.4811320754716981,0,8,1,0,1,0,25.125,57,4.265401878107143,0,0,1
post.3076ddc9d294c05ce608357ca4931d7938a552bd7643886be3afebad6.df56e716f5d8c089471ad2e7781104d5045b980fac70079c2cac6741.a2ced7cd7f6b81fa0162571b3104d03a69b4f999d9ee993ee0838edb.67b303616.714e2cfa.bot.hackbiji.top,212,0.5613207547169812,0,8,1,0,1,0,25.125,57,4.323611289178284,0,0,1
post.3db7ea16d7767dd742ed4c047ff563ec44dcb62385b24264d2dff963b.91f5f479312ea07842012fae798168b1476be468bae82d3bd407c1cc.1cc2b591d5154c11b1b48d6f0450d07d973f465c89edfa2356b69265.8615e06b0.337cecb6.bot.hackbiji.top,212,0.5660377358490566,0,8,1,0,1,0,25.125,57,4.305226010772014,0,0,1
api.071a057ff.714e2cfa.bot.hackbiji.top,39,0.2564102564102564,0,5,0,0,0,0,6.2,9,4.057855988582063,0,0,1
api.136930027.337cecb6.bot.hackbiji.top,39,0.3333333333333333,0,5,0,0,0,0,6.2,9,4.057855988582063,0,0,1
post.385e0882f55d4caa3644086f4ddbdadb3e834cc1e6db1bc20dfba6802.89196544757518f69cd29b9871c89dcbc69784c8ea58b9a795bbf090.1821db6cfc99bf35df7c463f010e01bdd8c3731c076cd36920771334.21ac954da.337cecb6.bot.hackbiji.top,212,0.5471698113207547,0,8,1,0,1,0,25.125,57,4.301150007683221,0,0,1
post.4dbf86b6717452d2c01c041e3f17de2f6e5fdc2ad.9df0a5806219538150afda8003be9233ded1fda2562f0aa2afd1cd69.31e4d6744a890cef06bf1d0aecc285e96e3b19bc33044afb23a4f9b5.3671a4b3f3ef75c68cc29dbdc03f63b0ecdc2d9b86804f70b5b7cefe.6c092ca3.2028a4f2.bot.hackbiji.top,252,0.5079365079365079,0,9,1,0,0,0,26.666666666666668,56,4.284621635049303,0,0,1
post.4a1af21b480f9a352353174cd8e8d4005150c26e4.9754b820fb221cae32d1e0db3dd26ec4a3ffacc9356e402a0cd81bb8.45aa90b77b8c1b614246d68138676b6db8135f58137de6d4a447ae12.42784056b57f0d5f396798383532b6513fc7444d9e592727ff57cdc6.14d317de.5a6d07fe.bot.hackbiji.top,252,0.5912698412698413,0,9,1,0,0,0,26.666666666666668,56,4.295603104469907,0,0,1
post.2c891d2a413432b652aee5f5afc5356d5008c800d5373dfd5b3b66b63.e9b70b38d1e460b142383397b937b3d0d1d60050a3d908480435d004.130bd0905.714e2cfa.bot.hackbiji.top,155,0.5806451612903226,0,7,1,0,1,0,20.714285714285715,57,4.288681338294851,0,0,1
post.1350.07d08067f.2028a4f2.bot.hackbiji.top,45,0.3777777777777777,0,6,0,0,0,0,6.0,9,4.261095807768472,0,0,1
api.135df316f.337cecb6.bot.hackbiji.top,39,0.2564102564102564,0,5,0,0,0,0,6.2,9,4.057855988582063,0,0,1
post.1dfaabbd2f9dbe37d4544cbb6.a615e06b0.337cecb6.bot.hackbiji.top,66,0.303030303030303,0,6,1,0,1,0,9.5,25,4.319946581053529,0,0,1
post.31a5119405e1536d696ba0aa062b554695fae3395a6c84414bc0ed875.9abd00bc382f25bed1d607a07affd28e79ba211380b90970bde48882.cd487999e5626ba55d7d9574d8dac00cd2e8ff19546bc43be378aa41.46df02b6c.337cecb6.bot.hackbiji.top,212,0.5518867924528302,0,8,1,0,1,0,25.125,57,4.325164537479524,0,0,1
post.1350.058a35de8.2028a4f2.bot.hackbiji.top,45,0.3555555555555555,0,6,0,0,0,0,6.0,9,4.22976448478587,0,0,1
post.3f9f27d51d5ba4ee5711614a05a023a912bcfa131c77fd9d55ba63f3d.a26f1eb33a96887f65eb93b89e2f7578269cbd2d9fee3a7760d02b23.0c77a811338a723708e976bc93fef3df048a34c420a078ee47c8a937.419677913.2028a4f2.bot.hackbiji.top,212,0.5754716981132075,0,8,1,0,1,0,25.125,57,4.302202653786258,0,0,1
post.320f01fd68afc798095dd6993353f4ce09487b599f6e0ba001451e2fb.4e3698fb67c9f0f9a2bbf7dfbb74e39243fe80d4cb7216875e76925b.562e6b92a0f7ef8efada229319a7098b190e8cb80fc40e4f406584e2.315fc7796.2028a4f2.bot.hackbiji.top,212,0.5660377358490566,0,8,1,0,1,0,25.125,57,4.288520811671079,0,0,1
post.1300.044664f29.337cecb6.bot.hackbiji.top,45,0.3555555555555555,0,6,0,0,0,0,6.0,9,4.212989206960016,0,0,1
post.1350.07b303616.714e2cfa.bot.hackbiji.top,45,0.3555555555555555,0,6,0,0,0,0,6.0,9,4.246539762611725,0,0,1
post.3db567482d52a233fa3f95a365ac2f85ee5e5b6f64bce7cbe5862afd5.894d347561205ec231d37e156ce929cd09f20ac5158d65047e22a7f8.73af51eb3a2646dc48222620594833b9c2cb8a5a2cf6abf60251f488.86df02b6c.337cecb6.bot.hackbiji.top,212,0.5566037735849056,0,8,1,0,1,0,25.125,57,4.2767185884955685,0,0,1
post.3ac1b7c2a9a568a6f2c8e9b2da10d5ba8485a01804f455658fdcfdef7.54fd7cb04eefffec953db7a6c7ec977a551aade44ad06ec66b2b713e.0097e0fdfb83d654f6d67d11d7e751d7a29b168e5c8927905e1f12dd.678283020.2028a4f2.bot.hackbiji.top,212,0.5188679245283019,0,8,1,0,1,0,25.125,57,4.313738586812758,0,0,1
post.371985de8b5283a16bf5b7410c93877bf4328a77013cb587e28dc1fc1.bbd1c241feaf96cd70c84c47550306be3637c3bf1285fe176336df4d.308aa876dc9fb13c62af45fce858cdcf26f6fc7241c761cc4b28865e.367c10580.5a6d07fe.bot.hackbiji.top,212,0.5518867924528302,0,8,1,0,1,0,25.125,57,4.276490412303612,0,0,1
post.3ac549dc18761732adae9373385d0002237cbb8a2188b65fb9248fffc.5c98434ffeb121aea641a612e7c46c3d4f514336f4ba28a9e7396b57.b67b87eef694e14164f6cbb3a2ff5a20c0ac6cd74700112b128e60d4.8473b6d7e.337cecb6.bot.hackbiji.top,212,0.5518867924528302,0,8,1,0,1,0,25.125,57,4.306985212645606,0,0,1
post.3fe445a897d8b763f2cab1d5904a896cde53a94c337f8aa3d962b372d.82bbef1571efd0b01412b40a0643e3214f4c4728205bbe8ec26a033a.a7868cee20516dbb099d0c41b8c4c5004047e7ac5d2b4588a1c57ec6.96df02b6c.337cecb6.bot.hackbiji.top,212,0.5424528301886793,0,8,1,0,1,0,25.125,57,4.31801516767028,0,0,1
api.056ba6045.337cecb6.bot.hackbiji.top,39,0.282051282051282,0,5,0,0,0,0,6.2,9,3.9872178475009488,0,0,1
post.4f0a78b63a75782d35d6d4a548733c19c7c18845d.6ea6d3b4ea69e45c37742903dbf83e81263ce4c6bd44f6707ba34946.42c8088b4fe1bd2d006146ddd0e821bbe1b1b4cee4e190789a8cc2db.3e63450511f014ca038210cc5734dd1cdc2f0da112dbbfcca8b37fbb.215d09d0.5a6d07fe.bot.hackbiji.top,252,0.5436507936507936,0,9,1,0,0,0,26.666666666666668,56,4.271050860080336,0,0,1
post.365aa4f113f3cb6773e98cb1ea6238dfc050a4f6345e1311a6e74c5b4.ebd09bf847b00895e15ca95ba139039c91e99d32caa43df7e0b22bf5.8134ccc88d1420cb09168110a42e377b755627922b95b9fde977f84b.561c065f2.337cecb6.bot.hackbiji.top,212,0.5660377358490566,0,8,1,0,1,0,25.125,57,4.316850221330981,0,0,1
post.46c48f54496cba52ba486a355095f11a7a191d053.838f6eb603393d2e4cf4b7ef79fce083863f29d4176777ef000c84c4.796d07469caaa14df9c4fd0155d57a4984145770d1859a82edc543a3.d17034c457850ebec6b0474ac6832e2de90dc71b1578a560c02323a5.44d317de.5a6d07fe.bot.hackbiji.top,252,0.5992063492063492,0,9,1,0,0,0,26.666666666666668,56,4.278523714236229,0,0,1
api.0414d3b64.714e2cfa.bot.hackbiji.top,39,0.282051282051282,0,5,0,0,0,0,6.2,9,4.1604200911461655,0,0,1
post.3f6e5fd8e6fc7f6f3013d41359b99f9d871c202d44e804a18bef8980a.e8189299b82ae9878103f5252bcb82c529952dd1cfb96a626cb4bb12.a24e66265937572b15b5a1560a25ce921526123257bcce2ec6b12a79.658a35de8.2028a4f2.bot.hackbiji.top,212,0.589622641509434,0,8,1,0,1,0,25.125,57,4.267746649482049,0,0,1
post.36362b713a8e09f52457104d51bd37344caa41daac4f2769136f15698.6a0101c084044200989735f29471f326a71b5991a398df0764230e1c.dbc94e66e2411436178e979c4a08708123f596af0fff055e562d08eb.578283020.2028a4f2.bot.hackbiji.top,212,0.6556603773584906,0,8,1,0,1,0,25.125,57,4.293556732020362,0,0,1
www.4a12f7568c590633eb1d75217684b7c6fc4336c4c.67b62450faa5b6048c84081468b3e4940c9a0f479515f9ecf6178fbf.f0b19698aa8306bd5d894a9cca2d4335bd6eef3f948429c14f605e0c.4936a58199294140a33257954afc06e191ba35ed9f4af8303782ee61.151fd79ae.337cecb6.bot.hackbiji.top,252,0.5992063492063492,0,9,1,0,0,0,26.666666666666668,56,4.267643891249642,0,0,1
post.3dd96ddcd788bc7e8ec2f72632103e94df85f56669a9b7c6099f9fbb1.4c21d6b7ab3d4b4218cbb151b6c41739fbad29c01015b214c01957fd.6fcb8a3f3307571a2ff8c0764b64d81a38e7ecfd6b45cb29efbd785b.56a3c352c.337cecb6.bot.hackbiji.top,212,0.5188679245283019,0,8,1,0,1,0,25.125,57,4.293097218383773,0,0,1
post.10b8835136f441224.230fa4695.5a6d07fe.bot.hackbiji.top,58,0.4482758620689655,0,6,1,0,1,0,8.166666666666666,17,4.447402761884035,0,0,1
www.180.0af54237.714e2cfa.bot.hackbiji.top,42,0.3095238095238095,0,6,0,0,1,0,5.5,8,4.272804327334621,0,0,1
post.310f036948074de8821201729aa37e9fd0b7e3c1dc4089039c6ead381.cdea3fcb907ce480dc1a42651ffcc981bea267184e4441e791155aab.548ec3fce5f966aa21100c45e5145f0cc11361e6d5cab4c515e899a6.6508070ca.714e2cfa.bot.hackbiji.top,212,0.5566037735849056,0,8,1,0,1,0,25.125,57,4.281407434099085,0,0,1
post.39f40fef3c02db524e7adbd4290aa8dfeab161206a94b50a112414d80.e00c491b58190d3e4e0c807cdb5adfb6d82d2915e718f250e3886c6f.bef749425f3a97492df6a96631fd40323ffc1b683298a1211c3a9182.919677913.2028a4f2.bot.hackbiji.top,212,0.5801886792452831,0,8,1,0,1,0,25.125,57,4.307626060562082,0,0,1
post.3cdbaad4c5fa6263df8ed9a91f20c4287054f2fcdcbb4af29452807f1.6da21350952bb4dc1add5b1a034bb281b92038c4ecc5658067857aef.047737096c818324bb3df8fecb0bdae56dfedbb6b6d27677b1fbf4a6.74de6377c.2028a4f2.bot.hackbiji.top,212,0.5094339622641509,0,8,1,0,1,0,25.125,57,4.299062907102199,0,0,1
api.0ddb1b76.714e2cfa.bot.hackbiji.top,38,0.2105263157894736,0,5,0,0,0,0,6.0,8,4.113206053476117,0,0,1
api.110d91b21.2028a4f2.bot.hackbiji.top,39,0.3333333333333333,0,5,0,0,0,0,6.2,9,4.006573937300012,0,0,1
post.316110ffe8f73053dde01fdb5a8d42be3365b81dce3b39245be65800b.fbb24a2dd9290e0a7f2b29667e0fc17c7ff76db1c567e0c0b533bdd8.9883166024388db5585a62d501f7a1ce1049f7acad766b04398fa7c0.17b303616.714e2cfa.bot.hackbiji.top,212,0.5518867924528302,0,8,1,0,1,0,25.125,57,4.315136080252698,0,0,1
api.14c547f85.337cecb6.bot.hackbiji.top,39,0.282051282051282,0,5,0,0,0,0,6.2,9,4.128494129663178,0,0,1
api.04c547f85.337cecb6.bot.hackbiji.top,39,0.282051282051282,0,5,0,0,0,0,6.2,9,4.128494129663178,0,0,1
post.3fd1a0f458f03fe49345e39823c44b361913df8a26bfdc6cf3a4f16a9.de955728669b363b45ec7f889f2965c88467f8dd1bbb223a0d6b486c.07555b6a6762b03b19f4a677d31b5997c8f5bab21f178e193167fbcf.62e5f2192.2028a4f2.bot.hackbiji.top,212,0.5754716981132075,0,8,1,0,1,0,25.125,57,4.29188358256423,0,0,1
post.36508535fd3e45c562eb9d7a3d672be5571da03656f529cb1439994da.8ba589f139bc08a5475a9fad202260667656f44a31b21c36740fcd68.f346fb6ab68dd43892c4830e96d5a9cb5235fed0ca7fa75118359574.719677913.2028a4f2.bot.hackbiji.top,212,0.6084905660377359,0,8,1,0,1,0,25.125,57,4.300781998355666,0,0,1
post.3d32f3e513d9eddef9984878de7d61a5cad0268e25dd4f49506acd58d.80f92346a2ef28868f81f30598a616610635840e1fa3ba4d7bb825ce.c3b66049920c23380b8147e173378ea0d5097b120a663acf8032d804.26ef20ee1.337cecb6.bot.hackbiji.top,212,0.5801886792452831,0,8,1,0,1,0,25.125,57,4.307578001162687,0,0,1
api.069e709a4.714e2cfa.bot.hackbiji.top,39,0.282051282051282,0,5,0,0,0,0,6.2,9,4.147850219462241,0,0,1
api.1697232b1.337cecb6.bot.hackbiji.top,39,0.3076923076923077,0,5,0,0,0,0,6.2,9,4.006573937300012,0,0,1
www.444e13b447a276391fe3f62dd8fa9bd7fe03b1b61.45167b93385255bcdf7a2b8669b080afbfed728a23db274438e63039.5675f27a3b05a1a990111dd499d6e15e6ce8bff3a05ab269657088b4.26244010dbc5d2775730108bb9a0033d03696a338774f070c0812de5.167a713bd.5a6d07fe.bot.hackbiji.top,252,0.6071428571428571,0,9,1,0,0,0,26.666666666666668,56,4.260797539323083,0,0,1
post.1350.06a3c352c.337cecb6.bot.hackbiji.top,45,0.3111111111111111,0,6,0,0,0,0,6.0,9,4.047548241669875,0,0,1
post.1350.03f6514be.337cecb6.bot.hackbiji.top,45,0.3111111111111111,0,6,0,0,0,0,6.0,9,4.163532262755957,0,0,1
post.1300.046544a0.2028a4f2.bot.hackbiji.top,44,0.3863636363636363,0,6,0,0,0,0,5.833333333333333,8,4.092636948468716,0,0,1
post.3a4d1c151417f0ab1d477671184d9f4418b6d0d877af67a4dca82b556.268e6d9dfe95fe9e667a19f586f3e3c9cd4e1c7b7fa7e2465e82f354.84900daf7ce46533583bb77819da582ed43300cb4866f9129069c31e.278283020.2028a4f2.bot.hackbiji.top,212,0.5943396226415094,0,8,1,0,1,0,25.125,57,4.33405540635064,0,0,1
api.17b914801.337cecb6.bot.hackbiji.top,39,0.3076923076923077,0,5,0,0,0,0,6.2,9,4.109138039864114,0,0,1
api.0b9d100a.2028a4f2.bot.hackbiji.top,38,0.2894736842105263,0,5,0,0,0,0,6.0,8,3.988077434998132,0,0,1
post.1300.02e5f2192.2028a4f2.bot.hackbiji.top,45,0.3777777777777777,0,6,0,0,0,0,6.0,9,4.146756984930102,0,0,1
5a6d07fe.bot.hackbiji.top,25,0.16,0,3,0,0,0,0,6.333333333333333,8,4.0536606896881855,0,0,1
post.4f55ca53ef984ec6af55a7eedf63e6e937fc2ff31.b7f029b0f08ac9734ab4ad1d02b05161ae19b9ae4a5f3de38fbb7fe1.e5804cd104b4068463f37bbb9ae9d10cae05fe8f26c384612cd6d8f9.e7dbdec9556703b3707c1a9545e651570acf90fd30751768ef53ba07.615d09d0.5a6d07fe.bot.hackbiji.top,252,0.5238095238095238,0,9,1,0,0,0,26.666666666666668,56,4.268766067092629,0,0,1
post.3c8e02335ae94557a328c06523bdaff056ee5e49016a87aaba69f8ea1.59265d2426bffd1591c5252c9ee954524cf5320599b0ba29003e153e.88976bc10e1328460492640a739f6f7945ef65eb19f9cbb3f7303bd0.47b83504a.337cecb6.bot.hackbiji.top,212,0.589622641509434,0,8,1,0,1,0,25.125,57,4.286406787590508,0,0,1
post.3c94a3f79f15fd02740b492b77274acc90808f39a49b4c2fc999cfa59.22c46da5dc87d3393b1fc6ab3bfdfeab7ee3f735048439d7a2bae313.74a0a862e7fc0f0c1480fd9d3faa0ece6ea5af85d7d288d87852e6b9.9473b6d7e.337cecb6.bot.hackbiji.top,212,0.5094339622641509,0,8,1,0,1,0,25.125,57,4.2877615178819415,0,0,1
api.03e2e136d.714e2cfa.bot.hackbiji.top,39,0.2564102564102564,0,5,0,0,0,0,6.2,9,4.2117021424282175,0,0,1
www.15e225818535a027a9968db02d79a24152682628e8381762c.254d46ee7.2028a4f2.bot.hackbiji.top,89,0.5842696629213483,0,6,1,0,0,0,13.333333333333334,49,4.3170931522677565,0,0,1
post.3ad0e79d75e079a2bba4458172f57657bf4ff1092c2dedf44abdf5441.7597429f62e14a5bfcbe5ddff89fa1fd4f325f2ced904ba3743b4cd6.1b9bfa50a4c53c1ed231ad5c721566bc0ba1ce08a572fda3df02f6b7.56e1a33aa.714e2cfa.bot.hackbiji.top,212,0.4858490566037736,0,8,1,0,1,0,25.125,57,4.26644969088084,0,0,1
post.3a21ceefcd15d9fee733f6e0875e9fc0b90179b5f99fe1cfeb57f0283.e6a52e1a7567ff6f1cbae6956eea27506e27a8a865552f64f51d65e3.8fac857ec7e6cdb6f19b9ba50f1a5a8ff9514dbacd90074d83c97269.76ef20ee1.337cecb6.bot.hackbiji.top,212,0.5,0,8,1,0,1,0,25.125,57,4.250502523575607,0,0,1
api.060656fe1.5a6d07fe.bot.hackbiji.top,39,0.282051282051282,0,5,0,0,0,0,6.2,9,4.057855988582063,0,0,1
www.444e13b447a276391fe3f62dd8fa9bd7fe03b1b61.45167b93385255bcdf7a2b8669b080afbfed728a23db274438e63039.5675f27a3b05a1a990111dd499d6e15e6ce8bff3a05ab269657088b4.26244010dbc5d2775730108bb9a0033d03696a338774f070c0812de5.1f9e3da5.5a6d07fe.bot.hackbiji.top,251,0.601593625498008,0,9,1,0,0,0,26.55555555555556,56,4.26986308213678,0,0,1
post.158ec79a44f5e36a6.255d961d4.337cecb6.bot.hackbiji.top,58,0.3793103448275862,0,6,1,0,1,0,8.166666666666666,17,4.3960156930677226,0,0,1
post.30e039c60deb073baaae946ef8308e0f420dc36883b6728efb763d374.a90c6601bbfee29d6c74e3d29fb229282062d9bb2f8849d48c97f3e9.11bb9baa11f1b1f3244b2601809a633e2b6c213f487decdd5c7654b6.71f39681e.337cecb6.bot.hackbiji.top,212,0.5518867924528302,0,8,1,0,1,0,25.125,57,4.273783159782928,0,0,1
post.3bb2a617a4ac57f163895a7894029c97f6ea39941c3deeb2c067fbffe.899356ad276bec27c83e4695705f60931699517141b9faa3008cee64.ca3495a705c4a8cf4b51a1cbe59cbb8ac3e9bcc12773c803e1dcd576.219677913.2028a4f2.bot.hackbiji.top,212,0.5660377358490566,0,8,1,0,1,0,25.125,57,4.292521754151065,0,0,1
post.3b792e90b5146bbc791facf24e59aff5a1de3902b97dddd5fd7eecdac.8b54a4bb899a1afd83026c1aaa56691a2b1f90bbe4834e02b48fbab4.253ecaa0995f77c4ca69abfe1eccdbd94f38a2701fd94b41d999dfbe.6367072eb.5a6d07fe.bot.hackbiji.top,212,0.4622641509433962,0,8,1,0,1,0,25.125,57,4.272776765758474,0,1,1
www.180.05e4d4e1f.5a6d07fe.bot.hackbiji.top,43,0.2790697674418604,0,6,0,0,0,0,5.666666666666667,9,4.268719696310996,0,0,1
api.099c4b5c.2028a4f2.bot.hackbiji.top,38,0.2894736842105263,0,5,0,0,0,0,6.0,8,4.000978092779002,0,0,1
post.393b7cf4cf43461c44dc02d45884f746d7fe7b5f3e08eb4f803b236bb.bf7ea08081b647903aeefea123ba3edc390c2c3559b5db811ba7d77d.5ed6541e660551e4bc70a22ce6772261a7b9914e459eb5acbba3cad6.224f42253.5a6d07fe.bot.hackbiji.top,212,0.5283018867924528,0,8,1,0,1,0,25.125,57,4.308388884404059,0,0,1
post.32c1adf157e2ea55c7224b0372ef8dfd0f5387beb1c0c78d82e6f8708.497d5ad84421009570472bc2e208bf2ccd17872d72c0c82abb0a3979.490e580a614b8ff24757a3c383e848ab3cf65c9caff1baf4a95e1893.544664f29.337cecb6.bot.hackbiji.top,212,0.5566037735849056,0,8,1,0,1,0,25.125,57,4.307015263028579,0,0,1
api.070dd4322.2028a4f2.bot.hackbiji.top,39,0.3333333333333333,0,5,0,0,0,0,6.2,9,4.016583155904196,0,0,1
api.0557e5f01.5a6d07fe.bot.hackbiji.top,39,0.282051282051282,0,5,0,0,0,0,6.2,9,4.057855988582063,0,0,1
post.30dbbfd22ccb1bac8596e805e9ca89ddac541872532f071c40694c7ab.dcbd2637b27ed28d2932d9de8019cfb9aeb55d4747b213515a347983.5f22c098b9b177b924680da6d7efb38daa35b2cb05d1ca35c591efcd.828734aa2.714e2cfa.bot.hackbiji.top,212,0.5235849056603774,0,8,1,0,1,0,25.125,57,4.285663662335784,0,0,1
post.34d6c78e3138cd3f8cec16ffe4a25b4a1ccac23e99b627ad29eff4481.dd0b1a1fb1bb0a63727a6233a3cff91e98976153ee758c328e769618.0a7ade57971a902091b22b609bd16126f297c229bf64567f92244a64.96e1a33aa.714e2cfa.bot.hackbiji.top,212,0.5566037735849056,0,8,1,0,1,0,25.125,57,4.284665534452734,0,0,1
post.3601fb2313fa5d9d15c32682368d9263615fba548053146a7e8a51f61.e30acb6d6775230f2b4c9d38efba6cd58204807f095a1393b4c67970.8a7578c5f0e6eeb493bf0e0ae96099f362e690f1fe0e23c85a384280.16a3c352c.337cecb6.bot.hackbiji.top,212,0.589622641509434,0,8,1,0,1,0,25.125,57,4.301915080260478,0,0,1
post.351e540890041307b8b7bc84f55d88e9f0f07acefc1f3d3af4222c4f7.75a1fbf93c3648ed649a8ead00cf0024287308f10b8e7323d3230639.16225c4db14f0f08b13eff9191347750c5438cae454721800a2feb1c.64589061d.2028a4f2.bot.hackbiji.top,212,0.5990566037735849,0,8,1,0,1,0,25.125,57,4.284608622239855,0,0,1
post.3e1d034c667bfb79fcc055d75c4ad4c8cc8d7460f65a8ecf0c078ad0d.959f567803f8223acf7323b35bac77ac87dfbd3ea318e91efffb4d5a.4e884afd8d5a6366fb62f888c6a05f97a2c933e50ee0750d61803fac.5527f655e.714e2cfa.bot.hackbiji.top,212,0.5094339622641509,0,8,1,0,1,0,25.125,57,4.279414231819991,0,0,1
post.3386b17a79e16b35c16b87675e7544849de818d21b0141430486eb5f9.5cc58e5674766303eff476f8be51b1abe5d564f4ac4f33ee98c6048b.e77825fc182798c912ce53dc599c7696006b0343c94d6d3bc08c9aa6.9527f655e.714e2cfa.bot.hackbiji.top,212,0.5943396226415094,0,8,1,0,1,0,25.125,57,4.291708219949561,0,0,1
post.33ae95678ef60b6acd0778b49bd40d13eba5362d0f5ec1545405daa17.58a3257b1a21fcd6097f650b7fa7c637016bdf17ac5120895d930118.2215506712917e39b1d62d54469a5c6fc462806ba484d5c2f5f0618b.96ef20ee1.337cecb6.bot.hackbiji.top,212,0.5849056603773585,0,8,1,0,1,0,25.125,57,4.31657496613071,0,0,1
www.180.05c16772e.714e2cfa.bot.hackbiji.top,43,0.3255813953488372,0,6,0,0,0,0,5.666666666666667,9,4.251164173004868,0,0,1
api.0437d6224.337cecb6.bot.hackbiji.top,39,0.3076923076923077,0,5,0,0,0,0,6.2,9,4.089781950065052,0,0,1
api.071065dab.337cecb6.bot.hackbiji.top,39,0.2564102564102564,0,5,0,0,0,0,6.2,9,4.057855988582063,0,0,1
post.4903d982ce05b94ad66330412a5a2688f8ae58ee6.933827b56853fe6c8a78a8976ed2d012e6bb21b1444add7b063e1b08.394bd801fa25f1f81ee8cebf86a549fc1ae00a018aa4dbb6d476033a.643fc5460d08525185d44c5a98eafc2e7bddfafd8aa48a6257cc0b41.715d09d0.5a6d07fe.bot.hackbiji.top,252,0.5476190476190477,0,9,1,0,0,0,26.666666666666668,56,4.276169733658961,0,0,1
post.3c254ff3e84d5a9e5fed62be0c6f91751911759a2694d73f164772a75.b0b52ef4f02d3a262644c1cc25d7168e0cf5e876305b754f936849a5.1fe90c2765c24df2ba09260612c7eec2a8c677737a18235f847d511f.27b303616.714e2cfa.bot.hackbiji.top,212,0.5990566037735849,0,8,1,0,1,0,25.125,57,4.296699106807858,0,0,1
post.49045634fdfb656d8803e2efbfce149ee8439dfdd.f9980574bb215e5d166d66e29defee21aa62b09a82aa6638315e2f80.d4e6b7634b8523a0bc21f5beb171d06ccb0334a0314cc05276becea3.ab92879b75efab2fa97b4db00efa5a9661e0ae7e81a39bc299ba917e.54d317de.5a6d07fe.bot.hackbiji.top,252,0.5198412698412699,0,9,1,0,0,0,26.666666666666668,56,4.2811490051720575,0,0,1
post.28ae498fb1183fc4239723bd1f55d5572858f89555b7ca609a695322b.a3770f736cbef93f3bcf2ac6a6f7065aea0dcc69faaf608740c7a381.155d961d4.337cecb6.bot.hackbiji.top,155,0.5290322580645161,0,7,1,0,1,0,20.714285714285715,57,4.343155600504621,0,0,1
post.1300.0473b6d7e.337cecb6.bot.hackbiji.top,45,0.3111111111111111,0,6,0,0,0,0,6.0,9,4.085537262659802,0,0,1
api.053f66280.337cecb6.bot.hackbiji.top,39,0.3076923076923077,0,5,0,0,0,0,6.2,9,4.12170791154804,0,0,1
post.37db63f0f8aa1e1de0562ef29f2adae03e776eb7f559acd32486686d5.c4d4def7a8aeb00eb35dfefbf45488b986dd7326d7c9d87fee113b7e.9cf460f84ea2faf6674816585e33eb897c72ab46b17183d3ea9c1ab3.844664f29.337cecb6.bot.hackbiji.top,212,0.5094339622641509,0,8,1,0,1,0,25.125,57,4.295591481462859,0,0,1
api.05a8f737b.5a6d07fe.bot.hackbiji.top,39,0.2564102564102564,0,5,0,0,0,0,6.2,9,4.109138039864114,0,0,1
post.3f6113f2135154da48c8855c5675ca9fdc89db6def87e438c1226a44c.734816cb65146690375721e295f511b488be16f913dd9c3285a6e476.a43fd74dd033066f7440807d71465045bd44c31ba0ce31f26a940d7b.5508070ca.714e2cfa.bot.hackbiji.top,212,0.6084905660377359,0,8,1,0,1,0,25.125,57,4.30288286834921,0,0,1
post.447aed30af22bc48ef2c5efffa5ce4cc649c83e74.2225b5b08545f897bd369b50d1cdd4527e2c0f21b6c983c180fa5cf9.e18f3218a775a0f75debde5c928e42fd0d737fa216f093234d65f133.740fd796b22b229cfb2ff7b88ceca306f0df27380f4c4e8b0c0f21e2.397975ac.714e2cfa.bot.hackbiji.top,252,0.5317460317460317,0,9,1,0,0,0,26.666666666666668,56,4.260641751978357,0,0,1
www.444e13b447a276391fe3f62dd8fa9bd7fe03b1b61.45167b93385255bcdf7a2b8669b080afbfed728a23db274438e63039.5675f27a3b05a1a990111dd499d6e15e6ce8bff3a05ab269657088b4.26244010dbc5d2775730108bb9a0033d03696a338774f070c0812de5.13a7c1211.5a6d07fe.bot.hackbiji.top,252,0.6111111111111112,0,9,1,0,0,0,26.666666666666668,56,4.269473228721386,0,0,1
post.1300.0615e06b0.337cecb6.bot.hackbiji.top,45,0.3333333333333333,0,6,0,0,0,0,6.0,9,4.00532302989454,0,0,1
post.3812a342730ad8bb9407f994d1084058e302b10c22196172fbd18c646.eca6774636a2b4718cf988735d0805da72b480f89a76535da73bdd0e.e1722c3134cf05c79c90d86db94f02bc2f947db5a7ce8ffc8aa2873d.57b303616.714e2cfa.bot.hackbiji.top,212,0.5849056603773585,0,8,1,0,1,0,25.125,57,4.3184718472672285,0,0,1
post.3b4b0b4c534ab5cf30bf48ebeb4645228d61988cd862aa386deb342e9.684576e76ad501bcbf09a6ef739d8458417cbbbed626b046d6fd7dc1.35d82fb7eff5ae7de50c1ab75b7d369b69c41903cb82e15b892ba399.167c10580.5a6d07fe.bot.hackbiji.top,212,0.5283018867924528,0,8,1,0,1,0,25.125,57,4.303622254327703,0,0,1
post.3931e24df0231c2f4eb7509dab4e91441fa812bf50cd65271004d0c7b.1075f1dc6d8c79cd6bccc1a7f699dc1da3e920f3affeb88b2106a5dc.3c7da289559e4bd012cd9513443f838abfd60361834f6ce06901441b.96a3c352c.337cecb6.bot.hackbiji.top,212,0.5377358490566038,0,8,1,0,1,0,25.125,57,4.310852327128965,0,0,1
api.164193b51.5a6d07fe.bot.hackbiji.top,39,0.3076923076923077,0,5,0,0,0,0,6.2,9,4.243628103911205,0,0,1
post.3abb4bcd61e853b82dbde80d7d3e500e88ac6a4242bb58330ed51e9a0.ad2f18cad4d306d2ccffd2795030c4b1b89b37eef8bea0298c8cba8a.1c8407bc882b8ef922601a7dfffe1d85661e0c4a5b2b422b80553d66.66a3c352c.337cecb6.bot.hackbiji.top,212,0.5,0,8,1,0,1,0,25.125,57,4.273070292668703,0,0,1
post.118f32116d6dd6240dd8bd67d.a1ac954da.337cecb6.bot.hackbiji.top,66,0.3636363636363636,0,6,1,0,1,0,9.5,25,4.332368082090411,0,0,1
post.397e74e4e9a3946715f61a9e674085c7a8659890e605ec3a81e98392e.784712f6445351cf6a63af8922cf333b773371051669b5de5336fea4.8de4476c0d9e5db9ccb0ef3fcdea2e92b5b04201051bfaff1caa1bc9.31f39681e.337cecb6.bot.hackbiji.top,212,0.5660377358490566,0,8,1,0,1,0,25.125,57,4.300191565668932,0,0,1
post.392b189a512662ef2d5e982ceb1abf6cda7dac18649e248744a2b34ff.b5b60aa409b9578e2436ffc18eb77effe8a4873b028da8040ef6cfe1.12da70be02201922b6ebf5f341ef0e7c8ef7c8593a7ee14f494d14e9.53f6514be.337cecb6.bot.hackbiji.top,212,0.5188679245283019,0,8,1,0,1,0,25.125,57,4.297763235445794,0,0,1
post.38d8610f2a557d8cacdd05201b3a6a7691e474de1f993ecc2b9d86dae.f78d9e23e9d473142007712ac5ceeacdff93afb86b61be8f7f55b61b.00fb2d04bdf6ac6e69197b2fdb5790583087740f5862e396918b3cfa.124f42253.5a6d07fe.bot.hackbiji.top,212,0.5330188679245284,0,8,1,0,1,0,25.125,57,4.338165455583088,0,0,1
post.36c3e8189f8f865f21e6c8adbeb1aa273ac9b482b1acf167ca499a1bd.f2bdc72c1a630ab8533698abfecf350394f3baa091230087b1139115.dd038ae3d60a443475ce92032dc1d877502eb1e8213893230766155c.46e1a33aa.714e2cfa.bot.hackbiji.top,212,0.5566037735849056,0,8,1,0,1,0,25.125,57,4.2892879898411405,0,0,1
post.348aa4e081c01cfefc0f4e31daedbb1335defd52838ed93050c328c03.462be947bb35f8b153aaa028896aa594a3907cc8fb102751d99a8bb6.002f897532545e28aa7c7e1eff0150335f8cfb6d89bb8d0a88965849.56fea7af9.5a6d07fe.bot.hackbiji.top,212,0.5377358490566038,0,8,1,0,1,0,25.125,57,4.298017466955814,0,0,1
post.35092569142ad95cf65beb6ff685c1b7b774f03d435d0d042b0e1c5c4.c5f780f6657e9a2a16472602573768969c9f92d6adfbf8075b49d364.90a247883202b768e00fde899632b92999c1e63cee10418aa586d36e.644664f29.337cecb6.bot.hackbiji.top,212,0.6084905660377359,0,8,1,0,1,0,25.125,57,4.306261383819977,0,0,1
post.30489bc47f46df980f8e9462a5bf12bc21a21a1cff744efd776a167e8.725fc26e7db78ff7d11483dd040ac7123e40b390ba73cca5ae0e3ec6.2e5903eeed8cbb21430ff70bbf8a42090df8dc03ce8a35fdb6fa7d98.14de6377c.2028a4f2.bot.hackbiji.top,212,0.5094339622641509,0,8,1,0,1,0,25.125,57,4.306657362881473,0,0,1
post.140.03c4051da.2028a4f2.bot.hackbiji.top,44,0.3409090909090909,0,6,0,0,0,0,5.833333333333333,9,4.157517697838563,0,0,1
api.071f53544.5a6d07fe.bot.hackbiji.top,39,0.3076923076923077,0,5,0,0,0,0,6.2,9,4.2117021424282175,0,0,1
post.2919409eb4479e6e098967585af50b2836d4fcf94.ca91f30674ef80a3bb24da80185e13e64e1b1f46.846544a0.2028a4f2.bot.hackbiji.top,122,0.5573770491803278,0,7,1,0,0,0,16.0,41,4.35972616089077,0,0,1
post.33a3de3b6a50f0abb5bb8c2cc176b60b8b1540eec42bb1241921dcf6c.b2b0c100c276035eaf7ce7f6b3b117d1765dfda5f77bfb4f791ae629.aaeef5245b0d13c212008c0f0dfc095c181382fa58343194ae97df3c.3367072eb.5a6d07fe.bot.hackbiji.top,212,0.5141509433962265,0,8,1,0,1,0,25.125,57,4.288129452662046,0,0,1
post.3e2090c5f536c2e48cc8b5c1f91b062b2345611771c9fcc8a2f2c21d8.cff55634bdf655377716d059cf169c36279ce13f6e6fce9acd889478.cfc7edd2ef687f2eed374de0896df923ac432fdd86c053e4a83703e3.21f39681e.337cecb6.bot.hackbiji.top,212,0.5424528301886793,0,8,1,0,1,0,25.125,57,4.2699020521423,0,0,1
api.0338d5800.337cecb6.bot.hackbiji.top,39,0.3076923076923077,0,5,0,0,0,0,6.2,9,4.038499898783,0,0,1
post.3f9ee51c04273a5940492d4150f7b4d07ea122dc69b9d11592f78713c.1c5be3cfb6363a4b0708431e22ff05910d5b7b68115815498cfe904d.f30992f376566b6a4a02aca15750c458bf30d2010fbaa13c670ca7b9.946955c21.337cecb6.bot.hackbiji.top,212,0.5943396226415094,0,8,1,0,1,0,25.125,57,4.307191246302866,0,0,1
api.1560536ec.337cecb6.bot.hackbiji.top,39,0.282051282051282,0,5,0,0,0,0,6.2,9,3.9872178475009488,0,0,1
post.3837d222225f5e875b90a7d3abefc4c47d6cc2d97cd4e6740d9191ee0.f7aaba62444f95b95864195214afb3e959278c2a8b5c7207aa65399e.2319f00abd744ce6daa348312d55bac9aa89c1498f8ce493fd09f6c0.74589061d.2028a4f2.bot.hackbiji.top,212,0.5660377358490566,0,8,1,0,1,0,25.125,57,4.30799546320806,0,1,1
post.43f4e4de3fa6cfef2df314e2c4449bfdd0e6a65c7.71cbc1e22573ee49db787d7bee5db66a97b1968a82068ae01fa6180e.4cb94a390845b1c3dbd540204e6d3da96d11038631f0df3d51b8d6be.2fc150e7ad8a03e0428463b37f74beb1807e0f3c150c06d1b99c288a.3c092ca3.2028a4f2.bot.hackbiji.top,252,0.5396825396825397,0,9,1,0,0,0,26.666666666666668,56,4.2950707926749,0,0,1
post.140.0e9574e7.2028a4f2.bot.hackbiji.top,43,0.3488372093023256,0,6,0,0,0,0,5.666666666666667,8,4.233608649698742,0,0,1
post.3765ed85146c78050f2b16d870fb958175e7ddad3c2de00b976fd82fb.0e748a7be4b932e097fcf9a3237147df30908d1d0b2139f76d12cea2.3a2218f92780556181945dca4515524f5fc6221e4f16e3418d963461.82e5f2192.2028a4f2.bot.hackbiji.top,212,0.6084905660377359,0,8,1,0,1,0,25.125,57,4.309807864530667,0,0,1
post.3995707783f75a5ee7b0d01654b808732956830fb319abe5a97c478f2.17b794459857245cd1e3ee4159e325d6c0a73fcbc8986476a0f90ea8.8f6610948dc7dbc1e5a00a7e2631c2b6d5bab88b218be89ffa8acb7d.17ba12ef3.5a6d07fe.bot.hackbiji.top,212,0.5613207547169812,0,8,1,0,1,0,25.125,57,4.311646630027594,0,0,1
post.13e7d432ada5cef18311322e6.a1f90067f.714e2cfa.bot.hackbiji.top,66,0.3939393939393939,0,6,1,0,1,0,9.5,25,4.413352596756265,0,0,1
post.334148a63a49a7e859dab8f2311a055f17915f11fa99767e44c46590f.6600735370e2a0998ba81a3636fb4939703cf154166093353a13bd16.eb57d246b0801072de820cc8611b41f413d65c71aa6afcda2a4f5a0d.44589061d.2028a4f2.bot.hackbiji.top,212,0.6226415094339622,0,8,1,0,1,0,25.125,57,4.2819597555203,0,0,1
post.3eacd977b1431223220f9ecc6dadb656148aaa25e88b47eaeeeefd471.b113d7c323b7691fad64ade9a4e1d57d12e190eacd0b9656f6498893.f821f6b25572dbb985df94e2af5931ebbe4a1cfbf54a87c9a22ef6ae.619677913.2028a4f2.bot.hackbiji.top,212,0.5188679245283019,0,8,1,0,1,0,25.125,57,4.291850034593841,0,1,1
api.0560f66f0.337cecb6.bot.hackbiji.top,39,0.282051282051282,0,5,0,0,0,0,6.2,9,3.9872178475009488,0,0,1
post.3b58fad0783aa21ffaf3e51192979c4efac7931217882b384625c163d.c0f732028fe5a8f6d8148494a7b8cac76b767c43bea4044ddc0d760d.de137309ae073602f177928ec8b887548d7f3cb3e361a19cc3465344.a3f6514be.337cecb6.bot.hackbiji.top,212,0.5707547169811321,0,8,1,0,1,0,25.125,57,4.303570440224468,0,0,1
post.3b6ee2f28c98a55d08fe688f252d596b8ce5c9d77f7cadc6cde798858.b9d8d44fd716a21b6727449b13c30e189a945e69c01e9692ed5d7651.285d1983f62cc8ced757007c6b6207991c6dd37822491ff22f445751.27b83504a.337cecb6.bot.hackbiji.top,212,0.5849056603773585,0,8,1,0,1,0,25.125,57,4.297082630098807,0,0,1
post.140.030bd0905.714e2cfa.bot.hackbiji.top,44,0.3181818181818182,0,6,0,0,0,0,5.833333333333333,9,4.24615711897243,0,0,1
www.18816594773c7829a2685a0c3454a2ffea3d90694261c8a09.23ee02bef.5a6d07fe.bot.hackbiji.top,89,0.5056179775280899,0,6,1,0,0,0,13.333333333333334,49,4.464678382182898,0,0,1
post.35cb190e85991b2789aa4e58a5cf4b8307648a8c53f4720c89ab3ecef.d501299b48fd804aeb540b1a3fa139e9c88a09d336962e33877b58ba.406696efaee83cedb1cf522bbc9c833f421681780b6eccd17ca7d36c.26df02b6c.337cecb6.bot.hackbiji.top,212,0.5330188679245284,0,8,1,0,1,0,25.125,57,4.299026227534339,0,0,1
post.32da3b8376d5888d906bf25db1cc8049189dc1daca6ef6e0890c3d58d.bedbc054e7fd9acfed44ef93d0296bec1e9008691a3b77c81d3082ba.98038b0e032213d6b12ff852340bef1bb36c90dbbc93ba775b8be119.558a35de8.2028a4f2.bot.hackbiji.top,212,0.5235849056603774,0,8,1,0,1,0,25.125,57,4.2823397577819655,0,0,1
post.32b3e9cbe6d693a6584e77a346e59415e0c55f0d617b37645cd05c492.83e533fbd1576b2ef8d80c8c0776ce0202d5bcf667e0a88b5f42258d.a0639dfd4cb1e7f2873c8617270a4c7e0ac258030443fd6d50051bd4.2473b6d7e.337cecb6.bot.hackbiji.top,212,0.5707547169811321,0,8,1,0,1,0,25.125,57,4.290459774212681,0,0,1
post.3ffb5f1936517bdfa25dfafab218c6b04ee968d8492e7e92bcdcfbb11.487eabb53317b9a356ff4ab54e97f6b029c56f0382966fbb8240f1a9.f77a9b5d68a0bd53a2a38f09e5959da223087517f82c3338015baf0d.244664f29.337cecb6.bot.hackbiji.top,212,0.5377358490566038,0,8,1,0,1,0,25.125,57,4.298638001131106,0,0,1
post.47901dafce3061c0d65561d8490f36484eb48c1bf.770e6fcb2fba48958b235f44d69f903997475f914fd33a7f88ddb0d3.54a5aa28b061fbe268711d090ac64967fbe2630942ac8cda85a50ab1.b2d783cf6dcd39d4c91926f56ddd2b192aab9c5ab46fba77fa3c5e0f.7ff04204.337cecb6.bot.hackbiji.top,252,0.5396825396825397,0,9,1,0,0,0,26.666666666666668,56,4.28884655713436,0,0,1
post.3e03b095e4c2804080ef7a8c3586a2a643932365426e7174d83510c09.d6616de19bb0c73d985969b8e86d47a04aeaa292fa8f46c4f95b064b.759b0d4e8d8efd177b05951f7f8d02668a2897948c73fff394969ff6.11f39681e.337cecb6.bot.hackbiji.top,212,0.5990566037735849,0,8,1,0,1,0,25.125,57,4.31579779621581,0,0,1
post.325e2880180437bc58485cb80e88aec20f1ceaada713505b6ec09cc2c.7e266e232842067145f021546c3a314ff0a064a64cf871e2665271ed.53e69bd3b3c38d1f18ed46ae9135bf55eaf237acd62a6a0c26d63a46.91f39681e.337cecb6.bot.hackbiji.top,212,0.5660377358490566,0,8,1,0,1,0,25.125,57,4.291120887718685,0,0,1
www.18816594773c7829a2685a0c3454a2ffea3d90694261c8a09.25e4d4e1f.5a6d07fe.bot.hackbiji.top,89,0.5168539325842697,0,6,1,0,0,0,13.333333333333334,49,4.464678382182898,0,0,1
post.314ae69b83cca0ca4fa2edd2af8ff50da2e53b8390f4b0574471904e9.44f591deed7b1b7fbc5428faa630b9e923cc85ea1569412e9749585f.7dbcd0326875422abd986502e159971c8e18b61b1a7fbd4dbcc65c3b.24de6377c.2028a4f2.bot.hackbiji.top,212,0.5377358490566038,0,8,1,0,1,0,25.125,57,4.330817118477044,0,0,1
post.3d819bfdee64674d8e2deb27a150aacb56d1f276d5e75279de435acf5.9a97c0bbd4fa0b89e1b423e17d207125c294a915bd2039e86a9fc839.207f5e36e61b2cfd14dec7a99b7a1eefb93c8cb6a31806c7a4bd26a9.42e5f2192.2028a4f2.bot.hackbiji.top,212,0.5235849056603774,0,8,1,0,1,0,25.125,57,4.312554658712037,0,0,1
post.34f59f704cb529bb2d7f7751df5e439c8b884b92b8d7cd8e526ce0443.8db587fa25e3c0a5da9a58b0d4c3af8072151a59f8d1a236183550b2.9d1c288838856bef6d591f03cc68aa47701f7925dc10bf350997df25.5367072eb.5a6d07fe.bot.hackbiji.top,212,0.5707547169811321,0,8,1,0,1,0,25.125,57,4.301793280734202,0,0,1
337cecb6.bot.hackbiji.top,25,0.16,0,3,0,0,0,0,6.333333333333333,8,3.753269689515107,0,0,1
post.4c0dcbc74c9d01f7316cc06dee807458dcec8d2fb.e1205a605262fac786dbb2ae171b144453ebc2d3a55d6eb36d3514e9.7049fcf16b9d8056d9283291822064908c8749d8805fa177ba6b8814.25a882874e83c6ce4316ab69915e327369c96cbb311b7d400d6d75ed.34d317de.5a6d07fe.bot.hackbiji.top,252,0.5793650793650794,0,9,1,0,0,0,26.666666666666668,56,4.291556790537572,0,0,1
post.3fb79fae87f77adbaf37370e70ab136f38ffa23694a584deb442dca75.caccafbd9d8fb1c64ca866d0f5261795bf1a5a0bbfab2e1013734e91.3a85634d217115041691ba63a7866103734c419b7be4b8520b1c7a7f.56ef20ee1.337cecb6.bot.hackbiji.top,212,0.5283018867924528,0,8,1,0,1,0,25.125,57,4.282326740014427,0,0,1
api.1442c7492.5a6d07fe.bot.hackbiji.top,39,0.3076923076923077,0,5,0,0,0,0,6.2,9,4.262984193710269,0,0,1
post.3287ddc2c8eb4b905fa00a8a9240f05b17bab9de460028c9b80d32677.b2fc53f6a633ca7e27338b9737fe3dfdca373a5b4991f91ea6ba1b6c.62f38389fd468ecb7b8002e1c7d1a0eca2938fea666d92dfa6455336.546955c21.337cecb6.bot.hackbiji.top,212,0.5377358490566038,0,8,1,0,1,0,25.125,57,4.310142808016606,0,0,1
post.331cafb9e56e3be234823db124993ac9db8f37194d4d6fb4861dadbd5.ea7d4e4990db4bda0eb91f389a28b6664859477a810e690c0e4b454d.059e40e1adec9f352f0899f5e0e4fafe4e76c240e80313d22bb468bd.97b303616.714e2cfa.bot.hackbiji.top,212,0.5377358490566038,0,8,1,0,1,0,25.125,57,4.289847405278326,0,0,1
post.3f955a5ff5b92a905ffbb373e91351bb4a0edfdaa9a74ed9aaafbf9a1.109a9cc05eccef2c5cbd545077ba85bcb924c01154e4d7b76ddcba8c.edbe2d1acfd3630cb61defe09dced02654908b49e728bdf8374732e3.7473b6d7e.337cecb6.bot.hackbiji.top,212,0.4575471698113207,0,8,1,0,1,0,25.125,57,4.278278357581208,0,0,1
post.437439bd074de0662e7be52cdaaebfa0f7c2859e4.bfbb07635b2e3a1c3defc810bb90648eceea0c35f2bdd80118fa3da8.7607c57b4f29e350ad76f42f586b666f216fbb6a2916a63010b85292.de4346a9349d2da9ac18a117d9b2704027521d8357ca62bd7bab96e2.5ff04204.337cecb6.bot.hackbiji.top,252,0.5436507936507936,0,9,1,0,0,0,26.666666666666668,56,4.291269857288484,0,0,1
api.171065dab.337cecb6.bot.hackbiji.top,39,0.2564102564102564,0,5,0,0,0,0,6.2,9,4.057855988582063,0,0,1
post.461bbcfc5d36999eeae8dec147b08152b8f37a1bc.325242bd9e298da477ef67f33dbc27e44eaee22fdd8c59f3e8e718a4.3ef90ca43fff2d39f083f8e929725a6772363547bcd1a5e51fe6e77e.1c713f141fe5cd9624965d4e2362a6e6cee44324a2138ebf87929730.1ff04204.337cecb6.bot.hackbiji.top,252,0.5476190476190477,0,9,1,0,0,0,26.666666666666668,56,4.258112501118998,0,0,1
www.401f545ea264638b9abd2d2a44840ba459b90d0ff.9c00045fff8a7981a2e49ea7ee6ce365959cae078ebfde928777fb49.84b6c43c6443bcf4a0243b3f9ef5255fc405f37bc834b17849aedefa.32fded893fc3352395c0564aef36a594eb2d0dc856ca6f843c864dee.1270447a1.2028a4f2.bot.hackbiji.top,252,0.5515873015873016,0,9,1,0,0,0,26.666666666666668,56,4.248681208942924,0,0,1
post.1796758f1de587d8a.b61c065f2.337cecb6.bot.hackbiji.top,58,0.3793103448275862,0,6,1,0,1,0,8.166666666666666,17,4.387563537969911,0,0,1
api.07d157cf1.5a6d07fe.bot.hackbiji.top,39,0.2564102564102564,0,5,0,0,0,0,6.2,9,4.109138039864115,0,0,1
post.468c54fd5d023b2136bc5a11c87606b1657683b69.1d755d1c1f4d1459fc1ba67098762e7dc30525025af75cdb06f18a2d.d2057466fcb688e90c17f51927e2e32a83e511440db10ad8407769f0.1385f81ceed3250f505edb38372e2c25086307e33536073033e369d8.64d317de.5a6d07fe.bot.hackbiji.top,252,0.623015873015873,0,9,1,0,0,0,26.666666666666668,56,4.261162740841486,0,0,1
post.3c03c17e4d0ae337b14782aef82c406ccc7e2adb6d3cfed47e67c338c.2dc50eecc2e5cf404871f989d12bdfa9ca4f77cac91990132b2ea72c.e5faef7030ba7b938320022bb1450409d842275ddbb3da42269f1bd7.328734aa2.714e2cfa.bot.hackbiji.top,212,0.5141509433962265,0,8,1,0,1,0,25.125,57,4.266690365851508,0,0,1
post.1300.063721aa7.337cecb6.bot.hackbiji.top,45,0.3333333333333333,0,6,0,0,0,0,6.0,9,4.051986707008092,0,0,1
post.1343894611632c4533cbf2658.a508070ca.714e2cfa.bot.hackbiji.top,66,0.4696969696969697,0,6,1,0,1,0,9.5,25,4.396391756168934,0,0,1
post.42f0d6ff2dc53f155e15bbe3a9c10e628283dcb17.7c5c1ec199db1b837c8221f363d0ad13521aded16ea761a4df998076.34f81442eafe0033978389eced145671c5e33f52de1de59b06faebbc.13d8f7ce0737bfcc4adbcfd1bdf78caefcf5fa3bfb4954bc6acc1635.546544a0.2028a4f2.bot.hackbiji.top,252,0.5079365079365079,0,9,1,0,0,0,26.666666666666668,56,4.285505243771842,0,0,1
post.3c552e81e186095ea0273cfd021ba4bc0e74e2ca3046c8d30d9b6f3f9.61733f7ab2ec4967bd05c3557243140b551bce4fa292ffa03713f5b0.24390505a4812b57cdb64df02379c7d33a4c4d8462cec975fe41c1ac.7615e06b0.337cecb6.bot.hackbiji.top,212,0.5613207547169812,0,8,1,0,1,0,25.125,57,4.298355340093115,0,0,1
post.3cd28970464aae50157bb573f66abcc2bafd3bdaeaa661bc4ccb9019a.b0e87047a2ef7460d3b442ca944d2d14240521ec0ad2edb904479637.d2d9434c83ec6d8ffd39fd74c865689ea2a005ac3d716610b37953a2.778283020.2028a4f2.bot.hackbiji.top,212,0.5566037735849056,0,8,1,0,1,0,25.125,57,4.296556549847883,0,0,1
api.1b9d100a.2028a4f2.bot.hackbiji.top,38,0.2894736842105263,0,5,0,0,0,0,6.0,8,4.020843553362251,0,0,1
post.1300.0508070ca.714e2cfa.bot.hackbiji.top,45,0.3333333333333333,0,6,0,0,0,0,6.0,9,4.157650873722836,0,0,1
post.3864e1db5c537bea541d2a98a37d5628008192f9453a683f109aa09a6.f32ada76cf4d61dfcfcc18afce49e185df3dc3e3df6d16a606de2b8a.72b00ade0dd486ea366554d5b4aeb2947d3f2870a7908d21348dfaa1.258a35de8.2028a4f2.bot.hackbiji.top,212,0.5283018867924528,0,8,1,0,1,0,25.125,57,4.290890212319923,0,0,1
post.3d64d5ef82985a8458c6983eaefe1402432860c57eef61d5e08bf50ec.bb62b86e01c6d6eb2b9b7bf2f9ee2e39f56b4cb1939581656ed46708.b47bd6f16e8cc1ba56b619d65c5cac7376aea88aeec41e6b75c067f9.16fea7af9.5a6d07fe.bot.hackbiji.top,212,0.5094339622641509,0,8,1,0,1,0,25.125,57,4.262120423933732,0,0,1
post.39bfcf9cb7e5d57d2f00c1b12fbb59b3650f3871094780b1d130af44c.8b96e148ef506c0eb1f91c5384361ff75f432a826eeb36e3251a8887.aa22e58ebb9ced80a415a13259751b16605ee73a936235849b8c0b69.77b83504a.337cecb6.bot.hackbiji.top,212,0.5754716981132075,0,8,1,0,1,0,25.125,57,4.298195780714754,0,0,1
post.39a7c111718f9aeaf856d0381b71269c6b741c637b173d891268265ff.0a3a5805f4a92500eff6d33589fb5406e01cd6594bc675aca04e9d83.52a0d5a8986011cffd519c58467fc69b145046c8dfaff2b8b39c37ef.878283020.2028a4f2.bot.hackbiji.top,212,0.5943396226415094,0,8,1,0,1,0,25.125,57,4.30792819848237,0,0,1
post.3effc1a3631a2537513516520d56339bc222c37dd1ab4d73799c5b97b.4b9828840ffb25ea8635668e49ad7c6cc4268903a966507263d7376d.0af70a380c66288a023e290ceb47ff88078a2630eb7d6f80bfc8c436.66df02b6c.337cecb6.bot.hackbiji.top,212,0.589622641509434,0,8,1,0,1,0,25.125,57,4.270579062363227,0,0,1
www.4a12f7568c590633eb1d75217684b7c6fc4336c4c.67b62450faa5b6048c84081468b3e4940c9a0f479515f9ecf6178fbf.f0b19698aa8306bd5d894a9cca2d4335bd6eef3f948429c14f605e0c.4936a58199294140a33257954afc06e191ba35ed9f4af8303782ee61.1549a5d1d.337cecb6.bot.hackbiji.top,252,0.6031746031746031,0,9,1,0,0,0,26.666666666666668,56,4.26598882689455,0,0,1
post.33544e1c49eff54ae2b590333c1bf77b0ebef32b82fb8891830fa66d9.8a4eccc1332a8f96d1eaa952a2f7a81113d494191d46062296b89eeb.d80cf1f50755a9cdc86d60133e20165458cc26d910ee1349f29c8bda.81ac954da.337cecb6.bot.hackbiji.top,212,0.5471698113207547,0,8,1,0,1,0,25.125,57,4.315424844053423,0,0,1
post.3c37da8ec1664f8f2380b3366df9a659effa6ec7c39b2144f4a64483b.0a5c2ad2b24bb804a2a3ff0cc465b587b4111f0d29c1d34e5ea02041.7c9feb37cede192e6e05908dc7a7f84c20793f172cc0a8b5e63638f6.94de6377c.2028a4f2.bot.hackbiji.top,212,0.5424528301886793,0,8,1,0,1,0,25.125,57,4.321742372238249,0,0,1
post.31b16b86f35cf9b9094bffbebdb004ca19fec46650c91fd4110474d9a.8355788e39db3b143b13fb0456e65cc5ebde6ddf79a29e36bc932917.099cf2fb43f50880a150aa22dd13a280dad4dad791441c3f5ef57538.17d08067f.2028a4f2.bot.hackbiji.top,212,0.5471698113207547,0,8,1,0,1,0,25.125,57,4.321755586720172,0,0,1
post.399fa268033be48cd919710b9b0a487f3e3f1fe0d1365dc25ef480428.97eecc3c742958927ef28a0aeecaf25accde9c67b7b86dd14830dff8.df3d1f010b91c131ec29fbfc386e1098b5c66be40bb9cbf59c87f0b2.8367072eb.5a6d07fe.bot.hackbiji.top,212,0.5141509433962265,0,8,1,0,1,0,25.125,57,4.306128274831675,0,0,1
post.39f2ce700d2a0f99a3821a0feb46fe088512219b1b3065877a9c6a62a.f9bf981ba02dc90cbe0e701fdd2eff8f38a2682b51276f6696f77411.000906ffa5caa82602874e52ed99b45d768dd5daa452bfa440caed85.86e1a33aa.714e2cfa.bot.hackbiji.top,212,0.5377358490566038,0,8,1,0,1,0,25.125,57,4.2948156200703576,0,0,1
post.1f23aeab0e8b79bfa13f6e48a.a19677913.2028a4f2.bot.hackbiji.top,66,0.3939393939393939,0,6,1,0,1,0,9.5,25,4.316286354990101,0,0,1
post.34ed3a579b712fd8881140211cb7f878b86393b03f9dbeed52596e7ac.e0c5a4713fdc3d6452717c9b47cfe50566391d469e92b009be9d5dc3.d554ded85af4dd538fd2a6e71a8cfa7abbc880fc1b41fd5539577bd1.97ba12ef3.5a6d07fe.bot.hackbiji.top,212,0.5235849056603774,0,8,1,0,1,0,25.125,57,4.311405774603723,0,0,1
post.1300.04d317de.5a6d07fe.bot.hackbiji.top,44,0.2954545454545454,0,6,0,0,0,0,5.833333333333333,8,4.237285311573267,0,0,1
post.424e8c1ca9487bb6cfa8fb1e31a7803c2de95ef00.70310432891f9fb01e6a3f9ed073ee2b3d645e3c1122465cad4a29b8.2995681d31187ac41fbca609b91321e747aeae3c6b0e63ee52d78343.ea0990a2305be3bcd1825bf10bcf3f1702dd3d00239666926bc0c5fb.346544a0.2028a4f2.bot.hackbiji.top,252,0.5714285714285714,0,9,1,0,0,0,26.666666666666668,56,4.284118215622565,0,0,1
www.180.0270447a1.2028a4f2.bot.hackbiji.top,43,0.3953488372093023,0,6,0,0,0,0,5.666666666666667,9,4.036161556776113,0,0,1
post.1f5bb61aee8b9ead5.b6a3c352c.337cecb6.bot.hackbiji.top,58,0.2758620689655172,0,6,1,0,1,0,8.166666666666666,17,4.206421513372041,0,0,1
api.1699e62d9.337cecb6.bot.hackbiji.top,39,0.282051282051282,0,5,0,0,0,0,6.2,9,4.070425860265988,0,0,1
post.35cd3dab80e11317ce91b4a5d1374a04e38897edbd50143114313ea24.0c234eaf8c7a09d7f6c46e73b04654a0de9f7d498a035c0304db84e4.edd79160b7674cc30ac895b1b5f0e67b31b7f1414af8bbece69095b5.615fc7796.2028a4f2.bot.hackbiji.top,212,0.5613207547169812,0,8,1,0,1,0,25.125,57,4.302024906418941,0,0,1
post.486484564e1717b01c9de57a515e9380335381198.a9b8e80af6cc373ff5ac8073b8d138880437d58a02b0a71c8b37ed11.5793ccb5fd475a7691bff5e7102becbc132025ce31d2c3a6904ebc5b.b3c8a1922adc9a0225e6aac592fa9504aafa830529cf454093eb3a90.746544a0.2028a4f2.bot.hackbiji.top,252,0.5873015873015873,0,9,1,0,0,0,26.666666666666668,56,4.269720470428416,0,0,1
714e2cfa.bot.hackbiji.top,25,0.16,0,3,0,0,0,0,6.333333333333333,8,3.973660689688185,0,0,1
post.41e63c927137df4b3f5f20115973fe7370f6279c8.65eadd906f629c17ea3ed546a5712c4abf84ea707a82beecebff35b7.8c335ad54f4a53f5aa04ec2fedae19e5658da478ef56e431cab5fe68.d45a0aecd81ab45424d5c51f270c079627dffdf747d68ae4270f7354.197975ac.714e2cfa.bot.hackbiji.top,252,0.5317460317460317,0,9,1,0,0,0,26.666666666666668,56,4.25557382338287,0,0,1
www.429eb69a2448233240a49ea97bea605aae784cf29.69eda1be53ff1bf3a8cbf6badd612a660e9e4b0a005d97f1ba1301d4.e9e13c57682e4370ef9376f319597f106027f7fb30b43ba315398369.669a896fcd2ace4a1c5bcce6d041b0d0cad6c296ee4ac3448ca83381.15c16772e.714e2cfa.bot.hackbiji.top,252,0.5515873015873016,0,9,1,0,0,0,26.666666666666668,56,4.269632827451906,0,0,1
post.1d7a19edd693cee9012a742e8.a67c10580.5a6d07fe.bot.hackbiji.top,66,0.3939393939393939,0,6,1,0,1,0,9.5,25,4.4307048244490925,0,0,1
www.429eb69a2448233240a49ea97bea605aae784cf29.69eda1be53ff1bf3a8cbf6badd612a660e9e4b0a005d97f1ba1301d4.e9e13c57682e4370ef9376f319597f106027f7fb30b43ba315398369.669a896fcd2ace4a1c5bcce6d041b0d0cad6c296ee4ac3448ca83381.16da47412.714e2cfa.bot.hackbiji.top,252,0.5515873015873016,0,9,1,0,0,0,26.666666666666668,56,4.263954469538202,0,0,1
post.3058660ba25c2ccfc0ef32b2f7025729db783d2ad68d55d2b2af49746.73408efd8b4fd009d176285cad05fb30cac80d08def6104aceb6709a.4609badff391880f3270007537be8422372d01eae36f2060c3ca2227.36a3c352c.337cecb6.bot.hackbiji.top,212,0.5566037735849056,0,8,1,0,1,0,25.125,57,4.260484664208284,0,0,1
post.3080480dc6d3c86069385b6a7afe11c8ceb6073dcaf9cb4c9797b419d.075d2e35d071f94df4e04e9eafd9b86d1510b7a4d691947c9f7438fe.01b6b83955d60fa15d86db64657b9fe0d0629ae9caefa2b04afdeef8.77b303616.714e2cfa.bot.hackbiji.top,212,0.5283018867924528,0,8,1,0,1,0,25.125,57,4.3060405949107,0,0,1
api.0270c74df.2028a4f2.bot.hackbiji.top,39,0.3076923076923077,0,5,0,0,0,0,6.2,9,4.006573937300012,0,0,1
api.134eb2abf.337cecb6.bot.hackbiji.top,39,0.2051282051282051,0,5,0,0,0,0,6.2,9,3.997227066105133,0,0,1
post.33977a63e66e7f3498e6a42bae198b48ce32fc838dffd83d9a513f42d.f0eacc87e2b3bb6b4492aafe4442531d497852dd176937efd3952483.1dda0f9c9ec40185a55e122850bf3cddb0f78c7b641a9a6635373d86.22e5f2192.2028a4f2.bot.hackbiji.top,212,0.5613207547169812,0,8,1,0,1,0,25.125,57,4.314119916208569,0,0,1
www.180.0549a5d1d.337cecb6.bot.hackbiji.top,43,0.3023255813953488,0,6,0,0,0,0,5.666666666666667,9,4.315231324217973,0,0,1
post.3360b2b0b521814788a03d4fe616f5bec7d65deaf66f7a51de0544ef3.38bdc333871b59b577b274723fd276b131852b23511dca58b6e26a3d.5f4f11834514848abb115939425cac538367afe9ea4c19ca48964154.1473b6d7e.337cecb6.bot.hackbiji.top,212,0.5849056603773585,0,8,1,0,1,0,25.125,57,4.272172644550257,0,0,1
post.3bc76ca9d0e1cd6da62fa3308485b52febe814664e0fb75f79c8c8a8b.86a3b3d4c8e2198a2eb6a2703cdf5e8b6e4ddb2e9f84eb03322bcfc5.42559cd3cce3cd7d34e395ce6e4771a6e301d544ef7ff93e132c8ca1.146955c21.337cecb6.bot.hackbiji.top,212,0.5047169811320755,0,8,1,0,1,0,25.125,57,4.293846376699396,0,0,1
post.160f2ddaac776811e42e31f5f.a63721aa7.337cecb6.bot.hackbiji.top,66,0.3787878787878788,0,6,1,0,1,0,9.5,25,4.335785695562874,0,0,1
www.180.054d46ee7.2028a4f2.bot.hackbiji.top,43,0.3488372093023256,0,6,0,0,0,0,5.666666666666667,9,4.297675800911846,0,0,1
post.3c4c24e9a8003a60e03010100b2f4f87e987b8a81cfd2130b678e6baa.f1484f7db68c4f8ecb5ae3a521dd984c73808c8bf83adbfcc8e5abc9.46b05b4680dd4f17c9780c0582704ef20f6aca1d25b436d70eb037ef.115fc7796.2028a4f2.bot.hackbiji.top,212,0.5377358490566038,0,8,1,0,1,0,25.125,57,4.288869665332722,0,0,1
post.3c20dca114976ddddd438a80d4bbb2e12596c2ac0942fcc135e1e2df5.72f60523750e64cb91919fe19834080ec5cab49fc22a4910e13f8fd8.828ba74aef23316ac88d27058bf6794b85df17aeee7d26683cfaf1eb.a61c065f2.337cecb6.bot.hackbiji.top,212,0.5283018867924528,0,8,1,0,1,0,25.125,57,4.333505877377688,0,1,1
post.322645120b012cea6a01a9ba875ddcdbad41266dd5cdc619ac0d73de3.6646535b30d512c006fc07594a557797e5d8dff3769981b271b77e64.0cbc92534f0cc382e93b2af4466fe1c0139057c132bf0b62441dd809.861c065f2.337cecb6.bot.hackbiji.top,212,0.5754716981132075,0,8,1,0,1,0,25.125,57,4.303075560661992,0,0,1
post.357ed164a2ca7841cf5e1525527217d6c705c03bb79c3f55f76fce967.5edfbfe627474014a8a0d4c0ae2881b7796836c01c409b8d9d197203.69e28c4039220d0bffadddeaa7b10716a9145ede3dcccdb4ba32dcf6.67d08067f.2028a4f2.bot.hackbiji.top,212,0.5471698113207547,0,8,1,0,1,0,25.125,57,4.322915774479093,0,0,1
post.22fbffcaa261dc6371d9d45d775521381979aab55.af0e5320922f65389a74536c2dd6664458942da7.84d317de.5a6d07fe.bot.hackbiji.top,122,0.5327868852459017,0,7,1,0,0,0,16.0,41,4.374860395935751,0,0,1
post.38835a50cc2926f4fd5799b2b7aa7bfc1136bd852ad66a25c5a89a9f2.743020fefa3d571a789263d5e860a52e3682a0edaceb4ad811442283.2d1f294af4dd92a0c97fbc951c1a41d79b719c1e77cde1fcb59d7785.958a35de8.2028a4f2.bot.hackbiji.top,212,0.5471698113207547,0,8,1,0,1,0,25.125,57,4.298330195649217,0,0,1
post.1df54cf8c7312cf4d.b5a1b6136.714e2cfa.bot.hackbiji.top,58,0.3275862068965517,0,6,1,0,1,0,8.166666666666666,17,4.310591237164565,0,0,1
api.073a64146.337cecb6.bot.hackbiji.top,39,0.3076923076923077,0,5,0,0,0,0,6.2,9,3.9997877191848734,0,0,1
post.312da42bab4834575fe09d156e5a6142563a49a9e82932efe6799672b.4ef731a5d22fa3ff566db2d3767c5b3a63d47b95520d8c0a9b416a4b.7e5b32e127097b5af5e792a9c2587750456837badea262ae0af098e9.41f39681e.337cecb6.bot.hackbiji.top,212,0.5754716981132075,0,8,1,0,1,0,25.125,57,4.286832419115712,0,0,1
post.140.02f083856.5a6d07fe.bot.hackbiji.top,44,0.3409090909090909,0,6,0,0,0,0,5.833333333333333,9,4.345350936622435,0,0,1
post.3cd14a3397228e333b3862b5d49ab6ff863bfb3c4e27d7fc91c3579d1.c886093f147b2d5d178491928e060d985ba536d043a560f5d918f2cd.3d3c7b021f287af86c4b4879449cd4a38051bf59b4f4133d28d373f1.128734aa2.714e2cfa.bot.hackbiji.top,212,0.589622641509434,0,8,1,0,1,0,25.125,57,4.2837037977629375,0,0,1
post.1300.06ef20ee1.337cecb6.bot.hackbiji.top,45,0.2888888888888888,0,6,0,0,0,0,6.0,9,4.085537262659802,0,0,1
post.347b0327cd48eb2d3763ef3b6a8e17fb3db6665f5784a3b89ad96b6be.5586dfcbe70b871933b5b00f52fec1505f366b93da674f1370ce9de6.5813d390e1b8bbc1f1f8039e2c359ad10abe5885cbec8b0c7edf352c.41f90067f.714e2cfa.bot.hackbiji.top,212,0.5235849056603774,0,8,1,0,1,0,25.125,57,4.289463928698331,0,0,1
post.32df95fa46de2a8e1c548b03e8ed7eb3d5b05d347314d240058bc82bf.c980a3c28e1a4aeb8438c684f91082589f14ab6122dd721447b64f27.3947e9b3388fe50e85d568e70e4ea65cda05fdde85acb8e2a325fca1.461c065f2.337cecb6.bot.hackbiji.top,212,0.5424528301886793,0,8,1,0,1,0,25.125,57,4.308781120437148,0,0,1
post.3b34f4a1f2856240d3ee0dc66c2a67f977d127531a46ffc5c84758dd7.0aaf7b046dc8330160b967de29604b3a66b92f47b17ccf320f473d91.d12064fb545aa871437647927b71dc33027b24ee8d921ed4914f3910.55a1b6136.714e2cfa.bot.hackbiji.top,212,0.5943396226415094,0,8,1,0,1,0,25.125,57,4.299869947482976,0,0,1
post.1eb37ad186ddf5763904d0738.a7ba12ef3.5a6d07fe.bot.hackbiji.top,66,0.3787878787878788,0,6,1,0,1,0,9.5,25,4.413743983861763,0,0,1
post.38e8411a409576eb7a9998a2f4d05bfe6f7a532aa10bd7c8cefb0d2d2.1173f3a6b9a3f6f7411858ace8c20ad5beb235cc96f09952cc33ac56.ca650eb137049fbf859eb8e36116ddce9bb3cfdf7151712fbc961507.746955c21.337cecb6.bot.hackbiji.top,212,0.5283018867924528,0,8,1,0,1,0,25.125,57,4.310390103820552,0,0,1
api.036930027.337cecb6.bot.hackbiji.top,39,0.3333333333333333,0,5,0,0,0,0,6.2,9,3.9872178475009488,0,0,1
api.034eb2abf.337cecb6.bot.hackbiji.top,39,0.2051282051282051,0,5,0,0,0,0,6.2,9,3.997227066105133,0,0,1
post.37995a47c66f1bc67e3a6305874c333a1925e947ed246e1743d988e8e.8892093d64f795b36bfc179d7544b40e696247af040ed9906ce8b11e.80e254463cea147b3a0abdf9872aa69cf03814ca81abd25efa670f71.51ac954da.337cecb6.bot.hackbiji.top,212,0.5754716981132075,0,8,1,0,1,0,25.125,57,4.313724028275124,0,0,1
www.18816594773c7829a2685a0c3454a2ffea3d90694261c8a09.23a7c1211.5a6d07fe.bot.hackbiji.top,89,0.5393258426966292,0,6,1,0,0,0,13.333333333333334,49,4.429808685017052,0,0,1
post.32f806522440acc2091b32784676e947c482cfb274238d7f32a216621.4fce1e9a8d6124d2f9f2aac51f3e8e3f8b35a9298dc64205a295a576.8780a0119cdb613f7a5a602348214c56cf3040c1f171f826101940d0.6527f655e.714e2cfa.bot.hackbiji.top,212,0.6179245283018868,0,8,1,0,1,0,25.125,57,4.283090991993977,0,0,1
post.39df7011ae0946f17d63d61506e21b541786a13181861e7f7e885d743.f36122b5b9dd4e450f81ffc1f5ecb6fe2b5a2667fb3336bfacdeba71.d88a3d850b9e24d1cc7a52d3a6a07753aff227d61903e41601eabce1.16e1a33aa.714e2cfa.bot.hackbiji.top,212,0.5377358490566038,0,8,1,0,1,0,25.125,57,4.280505926199041,0,0,1
post.3f39b327ff34a025f0a63f7a6c4412f67334cd4b8b15f00390a290f42.07e11b8b32fa78ce54464b49ef228f5b1daa724203462c1445cf32d7.0d31f58bed15ef24a6bfc969bb5c333bc5f35efe56b26b74d8e98e51.478283020.2028a4f2.bot.hackbiji.top,212,0.5754716981132075,0,8,1,0,1,0,25.125,57,4.274570867055542,0,0,1
api.13e2e136d.714e2cfa.bot.hackbiji.top,39,0.2564102564102564,0,5,0,0,0,0,6.2,9,4.141064001347103,0,0,1
api.076fe4e7b.714e2cfa.bot.hackbiji.top,39,0.2307692307692307,0,5,0,0,0,0,6.2,9,4.070425860265988,0,0,1
post.4331376618539e3f187738a9cf190cc70bddd3b35.446638a381d343ad69a60d00d4c9de0b5db96212a3e07cc825861605.1269ca9f2d8c2f62dafe227a2d212b197433f1866938abdab337d9b4.e479d9f1bbccbba048ec466af9a8e51aa08e2299e9490a46225d621b.497975ac.714e2cfa.bot.hackbiji.top,252,0.5793650793650794,0,9,1,0,0,0,26.666666666666668,56,4.280721475797999,0,0,1
post.1300.06fea7af9.5a6d07fe.bot.hackbiji.top,45,0.2666666666666666,0,6,0,0,0,0,6.0,9,4.207976707200401,0,0,1
post.1350.061c065f2.337cecb6.bot.hackbiji.top,45,0.3333333333333333,0,6,0,0,0,0,6.0,9,4.157650873722837,0,0,1
api.0480049e7.2028a4f2.bot.hackbiji.top,39,0.358974358974359,0,5,0,0,0,0,6.2,9,4.038499898783,0,0,1
post.18eeac17825e70e1d6788080e868f8ab96aae4dc184afe1bda209b960.a78283020.2028a4f2.bot.hackbiji.top,98,0.4897959183673469,0,6,1,0,1,0,14.833333333333334,57,4.299759717596984,0,0,1
api.016e43907.2028a4f2.bot.hackbiji.top,39,0.358974358974359,0,5,0,0,0,0,6.2,9,4.243628103911205,0,0,1
post.348cd6f1a31e3e66bf11deee4dd600f777ac7e512eaac74bbd5f110f1.edfc6246a764862d50009b306e63366360bd44d7d0ee8c608acdc340.e573a854371697ed8035c0e09c40a7328c5b551c39598f570e934bae.119677913.2028a4f2.bot.hackbiji.top,212,0.5754716981132075,0,8,1,0,1,0,25.125,57,4.308651739465566,0,0,1
www.180.03ee02bef.5a6d07fe.bot.hackbiji.top,43,0.2558139534883721,0,6,0,0,0,0,5.666666666666667,9,4.239763591710148,0,0,1
post.3626556c6dab8fff0994f88754b9b9d0c10b9e261b6d1aafb9d156de9.88c161582bb2c77a72a13257f59bada26cfa9040b0c34bbbd41df85b.bb21ae16f0bef1acab40aeca63237f0973ace84c65107cc9023eefd7.824f42253.5a6d07fe.bot.hackbiji.top,212,0.5094339622641509,0,8,1,0,1,0,25.125,57,4.3140450423820615,0,0,1
api.0560536ec.337cecb6.bot.hackbiji.top,39,0.282051282051282,0,5,0,0,0,0,6.2,9,3.9359357962188977,0,0,1
api.01d027dec.2028a4f2.bot.hackbiji.top,39,0.282051282051282,0,5,0,0,0,0,6.2,9,4.109138039864114,0,0,1
post.30512822b90fa5a4fbe9c84be09d8d218bd8ed9bdddcef6256fe019eb.dd399eb463d77ddcc848fc6b24d1d11b77f1cb3520f31336bc5ba93e.a00bc228370220c0c9210d07d44d480dda830c87c04d8b6202652908.47d08067f.2028a4f2.bot.hackbiji.top,212,0.5471698113207547,0,8,1,0,1,0,25.125,57,4.260013509861398,0,0,1
post.212ff2ae20c5d04a8adbbc1a6da669a03f32d1015.90fc2dad0f1cbcf9df704efb5b3527c44b1ada27.8c092ca3.2028a4f2.bot.hackbiji.top,122,0.4344262295081967,0,7,1,0,0,0,16.0,41,4.306373300675718,0,0,1
post.22a0832204b14bd9d8d723570a596fca7cb2cebb474515f16643c71b3.9e55ec28594d748c280a182c856450e0714b567ed70d1a41f0b6604a.1e112217.337cecb6.bot.hackbiji.top,154,0.577922077922078,0,7,1,0,0,0,20.571428571428573,57,4.344107459706719,0,0,1
post.4741c215af21d976850dcdcb0e4c8af6e0461f162.dffa6f4ac8eb89600fffd904f8427b7826204356568d9433b45fab2a.9c04121148f13f596f8bdae19622685e1aa6a2b1f7103838eb781820.1c9a72dd7a21c5cb0daaefb61094670246b92a5d39d3fdce05344f49.446544a0.2028a4f2.bot.hackbiji.top,252,0.5833333333333334,0,9,1,0,0,0,26.666666666666668,56,4.268546927400354,0,0,1
post.1300.04589061d.2028a4f2.bot.hackbiji.top,45,0.4,0,6,0,0,0,0,6.0,9,4.261095807768472,0,0,1
post.3380e72396b2999297d79bc7290045646207d00f7109523da411e3f72.718fcdc5a9939109b1cbba1daacd9d38091068c80f4040511527e718.214c7bf4479100dc4f525c654a19de4df1600f6eb4632a25caf0c10c.163721aa7.337cecb6.bot.hackbiji.top,212,0.6084905660377359,0,8,1,0,1,0,25.125,57,4.287097008856986,0,0,1
post.1a14f23c1e5a37ddcb67873ef.a4589061d.2028a4f2.bot.hackbiji.top,66,0.4090909090909091,0,6,1,0,1,0,9.5,25,4.488813960261508,0,0,1
api.1270c74df.2028a4f2.bot.hackbiji.top,39,0.3076923076923077,0,5,0,0,0,0,6.2,9,4.077212078381127,0,0,1
post.2aff2ac9a75bd4a8319329dbd3e136a2a5279c5e04d213d974df4d611.429092a9bab14435cf3ee4e83e0472b0c98e52c432b875903add06ca.12f083856.5a6d07fe.bot.hackbiji.top,155,0.535483870967742,0,7,1,0,1,0,20.714285714285715,57,4.370615472862024,0,0,1
post.13d16b09d662974a587e74155.a15fc7796.2028a4f2.bot.hackbiji.top,66,0.4848484848484848,0,6,1,0,1,0,9.5,25,4.455093316486014,0,0,1
post.3996fd8eda5f0403b94c644e6862b6e343e0c63d71ae2205693539e12.0a8a0baeae37df1c13613ccc327f8a45c414d855b5c9433c69913c55.1022ba6c15e766f123fad91c02481359567d2c0dab752d8130118b8b.324f42253.5a6d07fe.bot.hackbiji.top,212,0.5943396226415094,0,8,1,0,1,0,25.125,57,4.31052987230081,0,0,1
post.3cac20edbcf280a970cc7d3a2eed3472c67ce4d84dd070fe6d97ea648.c584df5e7b1f48a528afa5c0fc0ef00a5ffe6cb98c3789d860c17191.cf97d71788a43b9d2cc952de7fac97541f467d45adc7328fb7c3317d.2527f655e.714e2cfa.bot.hackbiji.top,212,0.5047169811320755,0,8,1,0,1,0,25.125,57,4.2809800994334,0,0,1
post.389fd8fe2d73a51dddcb0694fa90b0c32a57be245cd1c5fffa577e19f.3bb0e97cd04d2b65a9cd692a2e9bcddb6f37b29f94b65bc7cb57b8f8.3b731814c7e37cb735a5e0d933fdeef9a858f468910640a7c6cf4aed.4615e06b0.337cecb6.bot.hackbiji.top,212,0.490566037735849,0,8,1,0,1,0,25.125,57,4.305567116563991,0,0,1
post.35685361558c7dbc852f3dabf86f999c08d952c3e76175096bec08e48.de7904ada5c59affd15b3f59d2e69965a2b39808a7c24a7a6e43a0ad.75fd39a01bd3f3ac9d93210d9ca94acc8be94ee01832ecfe24f7f269.95a1b6136.714e2cfa.bot.hackbiji.top,212,0.5330188679245284,0,8,1,0,1,0,25.125,57,4.314658177265417,0,0,1
post.3b86be15f67cd5b9c0239893822c98252c69f9bad34eae836bfcc3875.54899aaf363f08fb03b495af1b65f8abd93f678dbd35a950896317e5.ba40304e3682cbabd719ef29ff694b436b4b159f3c8001cc5333edd5.26a3c352c.337cecb6.bot.hackbiji.top,212,0.5471698113207547,0,8,1,0,1,0,25.125,57,4.255805254439859,0,0,1
post.388b690c87cbea5d3cc876d2368e85ed0727610fc3ffb0b3092dfdc23.f95d8a2f9d1b151717e32a225ca4bfd1d708c14cdf4c6c46274be8d1.202ad3c8df743c40714056f256de7c08ca7378c0104b7abe48a88511.a7d08067f.2028a4f2.bot.hackbiji.top,212,0.5518867924528302,0,8,1,0,1,0,25.125,57,4.285024123158397,0,0,1
post.1760d2da3c7f230ab21b8b6ee.a6e1a33aa.714e2cfa.bot.hackbiji.top,66,0.3333333333333333,0,6,1,0,1,0,9.5,25,4.273275134667832,0,0,1
post.4f7730771c34373498b0538dc7ae58057c6544d04.88e2b4f15fbe4992ddef9b7b3a527c710ccdb173802087e2ff5a93ec.3ea9e439e3cdc6717ba210db8ee6368a718fc9cc10c28f718f6ea428.00b5739eaee91072df6298e97c1df82c2b34cfdf2dda3af085faacc0.2ff04204.337cecb6.bot.hackbiji.top,252,0.5396825396825397,0,9,1,0,0,0,26.666666666666668,56,4.277394614259802,0,0,1
post.37e40b358d88c15f95ce38b1390f5ef8772881af8d19c291299c99805.f11e96c807db6aecebdd1af05bcbfe4d46f3428bfd06c5eeb6fdc94f.c794724541cd655f5864f98b5a7da1c56fc379443174fd870ff99785.4508070ca.714e2cfa.bot.hackbiji.top,212,0.5471698113207547,0,8,1,0,1,0,25.125,57,4.294379439854064,0,0,1
post.39d8d03b7571e0cc30e3a04625b38db92eed3686de9df71befb168917.fc68cc365d874d64f07658dc319adb2ff6bcb0b5883876f46c28650b.4099c62b76ee9b17e3c5c1a02d19456d07fa1222e813e3d84ad0298b.63f6514be.337cecb6.bot.hackbiji.top,212,0.5518867924528302,0,8,1,0,1,0,25.125,57,4.304139767435877,0,0,1
www.180.06da47412.714e2cfa.bot.hackbiji.top,43,0.3255813953488372,0,6,0,0,0,0,5.666666666666667,9,4.251164173004868,0,0,1
post.1350.05a1b6136.714e2cfa.bot.hackbiji.top,45,0.3333333333333333,0,6,0,0,0,0,6.0,9,4.23564587381899,0,0,1
post.3801cc70c7b38776136e7c6aa385c1400e79c0248e13520cdeefac11b.213118ef4e975e7ac1fe6d78b4e949c3806dad5adad433a476641889.ada50052b73a0eed3944bf524cf49c4583fdc6b0fb22c67693578d52.67b83504a.337cecb6.bot.hackbiji.top,212,0.5613207547169812,0,8,1,0,1,0,25.125,57,4.316575819353507,0,0,1
post.3401a253fe96ca38591919d5abfb791441357e5b64acd5138af02d82f.d961b14b274f7923c576fd991d04c0b4d7f28105fd9a4c3342f71a7f.32dbc1ca64c963c4a18a3335a2123bbbf26319a5cd73a769c6bff72c.144664f29.337cecb6.bot.hackbiji.top,212,0.5660377358490566,0,8,1,0,1,0,25.125,57,4.258370618545764,0,0,1
api.199c4b5c.2028a4f2.bot.hackbiji.top,38,0.2894736842105263,0,5,0,0,0,0,6.0,8,4.05360967172637,0,0,1
www.15e225818535a027a9968db02d79a24152682628e8381762c.2270447a1.2028a4f2.bot.hackbiji.top,89,0.6067415730337079,0,6,1,0,0,0,13.333333333333334,49,4.280046882120767,0,0,1
api.035df316f.337cecb6.bot.hackbiji.top,39,0.2564102564102564,0,5,0,0,0,0,6.2,9,4.109138039864114,0,0,1
post.333b65d3a5b47750c639020018c4334ba47abfd5dbb4d9d0b11d33d62.2a0bd50f1e2404a8912fb8a9ecc3bc3b12c0e42d59fd9cfc2a27d18a.2ff9683e09f9f77c7fa73216103ce5d6cc39a58eb3e1ddb45ff031a0.358a35de8.2028a4f2.bot.hackbiji.top,212,0.5283018867924528,0,8,1,0,1,0,25.125,57,4.302766621774643,0,0,1
post.140.037a7030a.2028a4f2.bot.hackbiji.top,44,0.3636363636363636,0,6,0,0,0,0,5.833333333333333,9,4.064338937154249,0,0,1
post.3cfadea473a0ec760944954545723d9d61999b1c357d651227c6a026e.816727b921eeefc5ce053858a12e82ef4edc05ac770e5facae7b55fa.4feb02219b839e8dd11c67b85d12c21b734d59d82e2426162d55428e.43f6514be.337cecb6.bot.hackbiji.top,212,0.5613207547169812,0,8,1,0,1,0,25.125,57,4.304677561141653,0,0,1
post.3b7be0d8daaa5bd74866120f54946a95555189b7925feac616f7fc54f.b15e7d42c021731d3d3b4a3c6cfb05f3903b978c05e75fa2d7dd105f.2a0af444729cb108cd1735bdf7f6e0baac3db54bfae67b4956cea81e.87ba12ef3.5a6d07fe.bot.hackbiji.top,212,0.5094339622641509,0,8,1,0,1,0,25.125,57,4.306598452997193,0,1,1
post.3ae5158303dcffe082399f1b0a9b8ce82d5bbb3d7b3fe9131a35f2994.6927367d18071faed9b300c43178035bceae00da01cccd73cd98822e.115a197683c509f77002c91ca0c930c6cbbd04a59d9a3f20d970dbfa.31ac954da.337cecb6.bot.hackbiji.top,212,0.5330188679245284,0,8,1,0,1,0,25.125,57,4.254228827517983,0,0,1
post.232d2c46f26f6effdd721c6ea1a6207822fa4147c600cc9324cb9e7e4.322d8c716a49958d34c81c97e6db37f0e2e758f4c6ab4bdb46a32bca.130fa4695.5a6d07fe.bot.hackbiji.top,155,0.5096774193548387,0,7,1,0,1,0,20.714285714285715,57,4.350781150219151,0,0,1
post.3e91c2da299beca4ac24a32ea995c5d7aede844dc62b7fd57fa3d3c10.220c40fbaa034f568eb2efc700289b640a95f84e07356aea90eedae8.bc1e2b3f9a9d269e9d03b406b37d39b2d439d75ace2cf2c61e356471.86fea7af9.5a6d07fe.bot.hackbiji.top,212,0.490566037735849,0,8,1,0,1,0,25.125,57,4.290890943592476,0,0,1
post.1300.046955c21.337cecb6.bot.hackbiji.top,45,0.3555555555555555,0,6,0,0,0,0,6.0,9,4.218870595993136,0,0,1
post.3420b28b68dc50ae73fb181a11365b3de523d656863b5f72ca367b2a4.94f176287d3cef9d263766c7e43649c65faded37351b0b7e84d06019.9c35861b8dcb261f26d6f06f1fe64176addc0519d06e1e676e5ab345.1367072eb.5a6d07fe.bot.hackbiji.top,212,0.5754716981132075,0,8,1,0,1,0,25.125,57,4.276567708278926,0,0,1
post.3b3fd9045e0ea8230860418946dbfe7bb562fbc61ad32f48000689081.5a3c9ddbb9de7cf7de2e5542ace77df92d7f7d88e7a671b039fb856a.a7cb7b1c29399a323870d1175e2ab7b1064e29704a997ed567a57cb2.44de6377c.2028a4f2.bot.hackbiji.top,212,0.5566037735849056,0,8,1,0,1,0,25.125,57,4.312857780726195,0,0,1
post.1300.0367072eb.5a6d07fe.bot.hackbiji.top,45,0.3333333333333333,0,6,0,0,0,0,6.0,9,4.199876085498172,0,0,1
post.314ab65a8ee8ae3bac0162f6ce74bb7d0816db7479492901f51743876.ae1a1b8e43972cbb37674ca6192c29329de078bb2af6bf46fde38a53.57d2fa4b4173ea30278118f88d0f6fd163000767c645e2c84c45ff98.667c10580.5a6d07fe.bot.hackbiji.top,212,0.5754716981132075,0,8,1,0,1,0,25.125,57,4.319878531658606,0,0,1
post.1b108254b678db3c244c6b383.a6ef20ee1.337cecb6.bot.hackbiji.top,66,0.3939393939393939,0,6,1,0,1,0,9.5,25,4.333638582682931,0,0,1
post.321aba9ddad0b2badd4fd11b0c95c375716c4d27edee14e354c07d737.eaf1dd93907f2b57a88c1c8cb48595a0091d8c15eb21dfa5627254ac.aa202ba7219870cb6a79fc3725165b8b03661f1ff8f0da57a5210165.21f90067f.714e2cfa.bot.hackbiji.top,212,0.5377358490566038,0,8,1,0,1,0,25.125,57,4.290256881684376,0,0,1
post.3921f0dfc366586fef31900f1bc29940878d9788ac2d2d7d516c1567c.8d5ea4c01847609258e2bf53ff12adeba0e182a40033a1cc4d3685cd.81232e5442f4f392c512aaf9caef096f0ff5222916c61397b87c2387.65a1b6136.714e2cfa.bot.hackbiji.top,212,0.5801886792452831,0,8,1,0,1,0,25.125,57,4.308943947196365,0,0,1
post.3db347eee8b558776b2ef14b9d2f49f3c56dfde56e9942a9a58b318e2.62ca0a63d87d5d3769381c6dafe339242adf724811c822b51f8edf64.018aebbac0579fcc6e42b5f8541ca5827fbc55a3ce491cf7e1dbb253.71ac954da.337cecb6.bot.hackbiji.top,212,0.5141509433962265,0,8,1,0,1,0,25.125,57,4.306442565110734,0,0,1
post.3bfc7fff03ae387fc820232abc04877fc1e84db8986714b5c36beee3d.f577341964622560411bc7a73252630841980395408da71159b4c338.730b39f7607bfc01df2d3c90589d5b5bae7002d2bd084b23b54776ea.a58a35de8.2028a4f2.bot.hackbiji.top,212,0.5943396226415094,0,8,1,0,1,0,25.125,57,4.3076544648053146,0,0,1
post.3685e76393517b25ff66d5d3028488f95091f9f97e37f2ba867fdae8e.1114a2c17af740284f6a23511c4e8e651e67c7f79ca8dfd3282e7414.0a68db8420f353dfcae73ccb3a5bb1fbb156475563ce917d9ed7f737.16ef20ee1.337cecb6.bot.hackbiji.top,212,0.5566037735849056,0,8,1,0,1,0,25.125,57,4.3051006398279625,0,0,1
api.0442c7492.5a6d07fe.bot.hackbiji.top,39,0.3076923076923077,0,5,0,0,0,0,6.2,9,4.2117021424282175,0,0,1
api.1557e5f01.5a6d07fe.bot.hackbiji.top,39,0.282051282051282,0,5,0,0,0,0,6.2,9,4.077212078381127,0,0,1
post.1300.06e1a33aa.714e2cfa.bot.hackbiji.top,45,0.2888888888888888,0,6,0,0,0,0,6.0,9,4.138656363227873,0,0,1
api.07b914801.337cecb6.bot.hackbiji.top,39,0.3076923076923077,0,5,0,0,0,0,6.2,9,4.128494129663178,0,0,1
post.37c39f51f89fa222f6e900ffaa9609d588d2140a8792470dd2068ff6c.c304bda31cd7c899d6f88820bc4a462d6002771765df12e46eca6b95.3bbd45e2c76beab0b6617fa85347624bf7a671b6fd848361f984e3c0.a1f39681e.337cecb6.bot.hackbiji.top,212,0.5613207547169812,0,8,1,0,1,0,25.125,57,4.315843070213129,0,0,1
